 X Translation (mm), Y Translation (mm), Z Translation (mm),,,,,,, 
0,-1.059819699,0.370019577,,,,,,, 
-0.864473214,-1.059819699,0.108986457,,,,,,, 
-0.864473214,-0.638841202,-0.132510582,,,,,,, 
-0.845927647,-0.638841202,-1.611082137,,,,,,, 
-0.845927647,-1.271505136,-3.032768523,,,,,,, 
-0.635809052,-1.271505136,-4.246692835,,,,,,, 
-0.635809052,-0.917864387,-4.962622621,,,,,,, 
-0.519688889,-0.917864387,-4.277595057,,,,,,, 
-0.519688889,-1.083124386,-2.606811027,,,,,,, 
-0.843524561,-1.083124386,-1.438313032,,,,,,, 
-0.843524561,-0.781871418,-0.528465145,,,,,,, 
-0.902484623,-0.781871418,-0.1336767,,,,,,, 
-0.902484623,-1.314035295,0.070099591,,,,,,, 
-0.83967134,-1.314035295,0.221855682,,,,,,, 
-0.83967134,-0.857709374,0.553475158,,,,,,, 
-0.85568895,-0.857709374,0.569804903,,,,,,, 
-0.85568895,-1.39059732,0.323502506,,,,,,, 
-0.953246504,-1.39059732,-0.271918299,,,,,,, 
-0.953246504,-1.018914829,-1.263755167,,,,,,, 
-0.805443836,-1.018914829,-2.265644519,,,,,,, 
-0.805443836,-1.636246651,-3.650749345,,,,,,, 
-0.630152692,-1.636246651,-3.684750471,,,,,,, 
-0.630152692,-1.086336,-2.525172868,,,,,,, 
-0.870673898,-1.086336,-1.068558119,,,,,,, 
-0.870673898,-1.528320024,-0.790391196,,,,,,, 
-0.976587875,-1.528320024,-0.045233668,,,,,,, 
-0.976587875,-1.264459705,0.337862434,,,,,,, 
-0.936024659,-1.264459705,0.396394546,,,,,,, 
-0.936024659,-1.497347797,0.543114456,,,,,,, 
-1.017025946,-1.497347797,0.57511561,,,,,,, 
-1.017025946,-1.450629512,0.613917096,,,,,,, 
-1.001791985,-1.450629512,-0.000870378,,,,,,, 
-1.001791985,-1.47451317,-0.961192776,,,,,,, 
-0.993622837,-1.47451317,-2.013372957,,,,,,, 
-0.993622837,-1.509554679,-3.131903247,,,,,,, 
-0.636165807,-1.509554679,-3.741325935,,,,,,, 
-0.636165807,-1.242081162,-2.892891186,,,,,,, 
-0.977543655,-1.242081162,-1.512524302,,,,,,, 
-0.977543655,-1.39652696,-0.725070645,,,,,,, 
-0.943262654,-1.39652696,-0.029501895,,,,,,, 
-0.943262654,-1.079614798,0.415286901,,,,,,, 
-1.019517312,-1.079614798,0.297833148,,,,,,, 
-1.019517312,-1.159707171,0.438974901,,,,,,, 
-0.858178519,-1.159707171,0.478932773,,,,,,, 
-0.858178519,-0.786498268,0.84567485,,,,,,, 
-0.962211931,-0.786498268,0.060704003,,,,,,, 
-0.962211931,-1.240536269,-0.226217246,,,,,,, 
-0.707898478,-1.240536269,-1.383752888,,,,,,, 
-0.707898478,-1.00902609,-1.939276002,,,,,,, 
-0.617955647,-1.00902609,-3.443958398,,,,,,, 
-0.617955647,-1.37839435,-4.321349834,,,,,,, 
-0.450515201,-1.37839435,-3.58179488,,,,,,, 
-0.450515201,-0.838942308,-1.44433838,,,,,,, 
-0.875069331,-0.838942308,-0.898828164,,,,,,, 
-0.875069331,-1.265699272,-0.016050208,,,,,,, 
-0.778170584,-1.265699272,0.060957871,,,,,,, 
-0.778170584,-1.031961717,0.481012019,,,,,,, 
-0.94190402,-1.031961717,0.483398782,,,,,,, 
-0.94190402,-1.295302043,0.276105216,,,,,,, 
-0.768806824,-1.295302043,-0.617256154,,,,,,, 
-0.768806824,-0.931002452,-1.212119175,,,,,,, 
-0.598628266,-0.931002452,-2.599998207,,,,,,, 
-0.598628266,-1.519612793,-3.858971416,,,,,,, 
-0.348640885,-1.519612793,-4.640046759,,,,,,, 
-0.348640885,-0.81897603,-4.129003295,,,,,,, 
-0.608467589,-0.81897603,-1.923159338,,,,,,, 
-0.608467589,-1.437926397,-1.342135503,,,,,,, 
-0.81675452,-1.437926397,-0.534936969,,,,,,, 
-0.81675452,-0.936483529,0.165928728,,,,,,, 
-0.788515834,-0.936483529,0.262167591,,,,,,, 
-0.788515834,-1.230031388,0.185755026,,,,,,, 
-0.785232541,-1.230031388,0.368796752,,,,,,, 
-0.785232541,-0.917318922,0.130299768,,,,,,, 
-0.731488188,-0.917318922,-0.757309657,,,,,,, 
-0.731488188,-1.391058776,-2.070697654,,,,,,, 
-0.57309335,-1.391058776,-2.859903469,,,,,,, 
-0.57309335,-1.090366417,-3.772534373,,,,,,, 
-0.366161383,-1.090366417,-3.721680759,,,,,,, 
-0.366161383,-1.207272157,-2.717572342,,,,,,, 
-0.785789183,-1.207272157,-1.259792177,,,,,,, 
-0.785789183,-1.109440766,-0.824148678,,,,,,, 
-0.811993769,-1.109440766,-0.110369377,,,,,,, 
-0.811993769,-1.117759926,0.057836701,,,,,,, 
-0.921569032,-1.117759926,0.196627026,,,,,,, 
-0.921569032,-1.06419939,0.374949936,,,,,,, 
-0.82126395,-1.06419939,0.427987844,,,,,,, 
-0.82126395,-0.939128771,0.577134388,,,,,,, 
-0.84833326,-0.939128771,0.141442358,,,,,,, 
-0.84833326,-1.14161579,-0.715376027,,,,,,, 
-0.721571243,-1.14161579,-1.304407848,,,,,,, 
-0.721571243,-0.970261195,-2.077671401,,,,,,, 
-0.65124234,-0.970261195,-3.299012207,,,,,,, 
-0.65124234,-1.304942031,-4.252047733,,,,,,, 
-0.393825049,-1.304942031,-3.404649247,,,,,,, 
-0.393825049,-0.794790423,-1.78650184,,,,,,, 
-0.861918608,-0.794790423,-1.095362463,,,,,,, 
-0.861918608,-1.184632644,-0.190421181,,,,,,, 
-0.794360879,-1.184632644,-0.164241985,,,,,,, 
-0.794360879,-0.874010818,0.348509519,,,,,,, 
-0.868859599,-0.874010818,0.256925206,,,,,,, 
-0.868859599,-1.173767315,0.456111807,,,,,,, 
-0.814782685,-1.173767315,0.366417667,,,,,,, 
-0.814782685,-0.853478008,0.047475401,,,,,,, 
-0.763982771,-0.853478008,-0.792534505,,,,,,, 
-0.763982771,-1.272562342,-1.900066688,,,,,,, 
-0.606881263,-1.272562342,-2.886781645,,,,,,, 
-0.606881263,-0.913739565,-3.652816711,,,,,,, 
-0.432612902,-0.913739565,-3.21505934,,,,,,, 
-0.432612902,-1.200691293,-1.902409141,,,,,,, 
-0.72263953,-1.200691293,-0.952093342,,,,,,, 
-0.72263953,-0.748664107,-0.071215227,,,,,,, 
-0.812098565,-0.748664107,-0.001290065,,,,,,, 
-0.812098565,-1.172565875,0.186775655,,,,,,, 
-0.890035648,-1.172565875,0.170196724,,,,,,, 
-0.890035648,-0.692354959,0.605665932,,,,,,, 
-0.858335612,-0.692354959,0.316109251,,,,,,, 
-0.858335612,-1.114283192,0.229920385,,,,,,, 
-0.936233768,-1.114283192,-0.653077554,,,,,,, 
-0.936233768,-0.886134298,-1.156946833,,,,,,, 
-0.729021602,-0.886134298,-2.365434684,,,,,,, 
-0.729021602,-1.306658249,-3.535955864,,,,,,, 
-0.560834196,-1.306658249,-4.22235766,,,,,,, 
-0.560834196,-0.889288216,-3.350528666,,,,,,, 
-0.723792717,-0.889288216,-1.657290574,,,,,,, 
-0.723792717,-1.167314941,-0.940165879,,,,,,, 
-0.862402727,-1.167314941,-0.241770604,,,,,,, 
-0.862402727,-0.820140981,0.278365872,,,,,,, 
-0.828130001,-0.820140981,0.172737585,,,,,,, 
-0.828130001,-1.008633959,0.257417807,,,,,,, 
-0.898615835,-1.008633959,0.195470109,,,,,,, 
-0.898615835,-0.822330965,-0.54113588,,,,,,, 
-0.7447724,-0.822330965,-1.42732995,,,,,,, 
-0.7447724,-1.284973999,-2.75550135,,,,,,, 
-0.578675342,-1.284973999,-3.620119621,,,,,,, 
-0.578675342,-1.05188136,-4.549374314,,,,,,, 
-0.435984609,-1.05188136,-3.35586387,,,,,,, 
-0.435984609,-1.0812959,-1.730663488,,,,,,, 
-0.823357451,-1.0812959,-1.07743292,,,,,,, 
-0.823357451,-0.999213492,-0.072344577,,,,,,, 
-0.732349947,-0.999213492,-0.027667383,,,,,,, 
-0.732349947,-0.85250556,0.489045265,,,,,,, 
-0.823478239,-0.85250556,0.143255647,,,,,,, 
-0.823478239,-0.92981965,0.509721638,,,,,,, 
-0.752145982,-0.92981965,0.295387809,,,,,,, 
-0.752145982,-0.667733688,0.677986884,,,,,,, 
-0.93733646,-0.667733688,-0.798948244,,,,,,, 
-0.93733646,-1.109742574,-1.33817476,,,,,,, 
-0.580166992,-1.109742574,-2.815931829,,,,,,, 
-0.580166992,-0.994829789,-3.595848909,,,,,,, 
-0.533198663,-0.994829789,-4.627648572,,,,,,, 
-0.533198663,-1.084620082,-4.144282286,,,,,,, 
-0.6218058,-1.084620082,-2.241602445,,,,,,, 
-0.6218058,-0.89970677,-0.764183167,,,,,,, 
-0.925051268,-0.89970677,-0.612710798,,,,,,, 
-0.925051268,-1.20582483,0.125742084,,,,,,, 
-0.855193792,-1.20582483,0.058892538,,,,,,, 
-0.855193792,-0.764945054,0.542414447,,,,,,, 
-0.970056584,-0.764945054,0.290909907,,,,,,, 
-0.970056584,-1.149710331,0.524726517,,,,,,, 
-0.851631067,-1.149710331,0.042440824,,,,,,, 
-0.851631067,-0.869254483,-0.185415676,,,,,,, 
-0.841470914,-0.869254483,-1.441931684,,,,,,, 
-0.841470914,-1.409261663,-2.798848996,,,,,,, 
-0.570083484,-1.409261663,-3.71047278,,,,,,, 
-0.570083484,-1.130586132,-4.58735703,,,,,,, 
-0.480543462,-1.130586132,-4.528977934,,,,,,, 
-0.480543462,-1.180295146,-3.175010116,,,,,,, 
-0.731181785,-1.180295146,-1.510367757,,,,,,, 
-0.731181785,-0.909957688,-0.716371534,,,,,,, 
-0.971032698,-0.909957688,-0.182947175,,,,,,, 
-0.971032698,-1.269184822,-0.033375277,,,,,,, 
-0.895527538,-1.269184822,0.14782497,,,,,,, 
-0.895527538,-0.758172134,0.521495458,,,,,,, 
-0.938003283,-0.758172134,0.075775978,,,,,,, 
-0.938003283,-1.324120349,-1.09377849,,,,,,, 
-0.792808975,-1.324120349,-2.244557591,,,,,,, 
-0.792808975,-0.938604187,-3.340636399,,,,,,, 
-0.489452676,-0.938604187,-4.278242207,,,,,,, 
-0.489452676,-1.565041789,-5.616328394,,,,,,, 
-0.39881122,-1.565041789,-4.458252775,,,,,,, 
-0.39881122,-0.503187247,-2.536365392,,,,,,, 
-0.842264466,-0.503187247,-1.269503086,,,,,,, 
-0.842264466,-1.12126239,-1.014618822,,,,,,, 
-0.870601206,-1.12126239,-0.335995368,,,,,,, 
-0.870601206,-0.79619557,0.039615471,,,,,,, 
-0.858793564,-0.79619557,0.105160133,,,,,,, 
-0.858793564,-1.096043509,0.195709511,,,,,,, 
-0.89753391,-1.096043509,-0.045890602,,,,,,, 
-0.89753391,-0.731617447,-0.801852672,,,,,,, 
-0.793862657,-0.731617447,-2.028226442,,,,,,, 
-0.793862657,-1.420809125,-3.456910663,,,,,,, 
-0.587785285,-1.420809125,-4.221344839,,,,,,, 
-0.587785285,-1.052237254,-4.701480223,,,,,,, 
-0.702995386,-1.052237254,-2.793384347,,,,,,, 
-0.702995386,-1.398568202,-1.852069243,,,,,,, 
-0.92277368,-1.398568202,-0.985969284,,,,,,, 
-0.92277368,-1.026381702,-0.005132302,,,,,,, 
-0.932169731,-1.026381702,-0.122335099,,,,,,, 
-0.932169731,-1.37514192,0.093265196,,,,,,, 
-0.917959169,-1.37514192,-0.039671907,,,,,,, 
-0.917959169,-1.034075862,0.406273004,,,,,,, 
-0.923648167,-1.034075862,0.161553845,,,,,,, 
-0.923648167,-1.414619071,-0.232070634,,,,,,, 
-0.979292286,-1.414619071,-1.461337623,,,,,,, 
-0.979292286,-1.090868212,-1.831415425,,,,,,, 
-0.768515466,-1.090868212,-3.395829418,,,,,,, 
-0.768515466,-1.719271114,-4.333826309,,,,,,, 
-0.57501968,-1.719271114,-4.830677857,,,,,,, 
-0.57501968,-1.021306084,-3.459806822,,,,,,, 
-0.870454816,-1.021306084,-1.89865777,,,,,,, 
-0.870454816,-1.456858588,-1.326748679,,,,,,, 
-0.898716838,-1.456858588,-0.896355128,,,,,,, 
-0.898716838,-1.117569842,-0.060545371,,,,,,, 
-0.830777069,-1.117569842,-0.087550989,,,,,,, 
-0.830777069,-1.380290248,-0.039453007,,,,,,, 
-0.913234141,-1.380290248,-0.319472024,,,,,,, 
-0.913234141,-1.153909022,-1.139379946,,,,,,, 
-0.785297104,-1.153909022,-2.247348234,,,,,,, 
-0.785297104,-1.71141304,-3.607046162,,,,,,, 
-0.609743501,-1.71141304,-4.255972017,,,,,,, 
-0.609743501,-1.233724495,-4.934311437,,,,,,, 
-0.545694118,-1.233724495,-3.281403958,,,,,,, 
-0.545694118,-1.456734756,-2.082358786,,,,,,, 
-0.85608419,-1.456734756,-1.087625283,,,,,,, 
-0.85608419,-1.092924837,-0.52315123,,,,,,, 
-0.846239775,-1.092924837,-0.089885034,,,,,,, 
-0.846239775,-1.303760432,0.043748302,,,,,,, 
-0.918029497,-1.303760432,0.142663412,,,,,,, 
-0.918029497,-1.059154751,0.226767176,,,,,,, 
-0.857796018,-1.059154751,-0.750395382,,,,,,, 
-0.857796018,-1.692398855,-2.315295765,,,,,,, 
-0.71351085,-1.692398855,-3.142132832,,,,,,, 
-0.71351085,-1.238851826,-4.391294573,,,,,,, 
-0.520802566,-1.238851826,-4.851490218,,,,,,, 
-0.520802566,-1.552800883,-4.933802177,,,,,,, 
-0.696003366,-1.552800883,-2.690045386,,,,,,, 
-0.696003366,-1.053364724,-1.561044567,,,,,,, 
-0.920347481,-1.053364724,-0.781817074,,,,,,, 
-0.920347481,-1.374003679,-0.700246541,,,,,,, 
-0.956905526,-1.374003679,-0.088208537,,,,,,, 
-0.956905526,-1.009501127,0.197628062,,,,,,, 
-0.948028693,-1.009501127,0.250911833,,,,,,, 
-0.948028693,-1.365218372,0.051990451,,,,,,, 
-1.00592522,-1.365218372,-0.753103176,,,,,,, 
-1.00592522,-1.105152423,-1.581044243,,,,,,, 
-0.777341831,-1.105152423,-2.80922541,,,,,,, 
-0.777341831,-1.646828911,-4.145683989,,,,,,, 
-0.627325637,-1.646828911,-4.64264679,,,,,,, 
-0.627325637,-0.977626606,-4.220763113,,,,,,, 
-0.77825819,-0.977626606,-1.990617632,,,,,,, 
-0.77825819,-1.320925846,-1.329959755,,,,,,, 
-0.965091238,-1.320925846,-0.574081083,,,,,,, 
-0.965091238,-0.94480606,0.079832857,,,,,,, 
-0.983032618,-0.94480606,0.253168756,,,,,,, 
-0.983032618,-1.337130891,0.148582392,,,,,,, 
-0.963695485,-1.337130891,0.285120889,,,,,,, 
-0.963695485,-0.909495805,-0.25488432,,,,,,, 
-0.816110648,-0.909495805,-1.59899495,,,,,,, 
-0.816110648,-1.518809041,-3.127379039,,,,,,, 
-0.626112426,-1.518809041,-3.777923907,,,,,,, 
-0.626112426,-1.023476774,-4.356501746,,,,,,, 
-0.693950088,-1.023476774,-2.677908683,,,,,,, 
-0.693950088,-1.442402572,-1.674159873,,,,,,, 
-1.003561278,-1.442402572,-0.625844979,,,,,,, 
-1.003561278,-1.077979404,0.12646632,,,,,,, 
-0.992690107,-1.077979404,0.220924129,,,,,,, 
-0.992690107,-1.404874799,0.165882337,,,,,,, 
-1.019454219,-1.404874799,0.56485927,,,,,,, 
-1.019454219,-1.020665156,0.585531745,,,,,,, 
-1.046428142,-1.020665156,0.306992955,,,,,,, 
-1.046428142,-1.453741797,-0.960222244,,,,,,, 
-0.908310644,-1.453741797,-1.674988164,,,,,,, 
-0.908310644,-1.215893716,-2.961548322,,,,,,, 
-0.67067995,-1.215893716,-3.545182696,,,,,,, 
-0.67067995,-1.731904663,-4.512130556,,,,,,, 
-0.77507486,-1.731904663,-2.813288945,,,,,,, 
-0.77507486,-1.087994804,-1.495205289,,,,,,, 
-0.911929365,-1.087994804,-0.661678593,,,,,,, 
-0.911929365,-1.521757076,-0.578819304,,,,,,, 
-0.989942273,-1.521757076,0.161769532,,,,,,, 
-0.989942273,-1.161621524,0.406256354,,,,,,, 
-0.92986446,-1.161621524,0.576325838,,,,,,, 
-0.92986446,-1.387361688,0.336999148,,,,,,, 
-0.997468106,-1.387361688,0.59315467,,,,,,, 
-0.997468106,-1.105606801,0.128995025,,,,,,, 
-0.967315783,-1.105606801,-0.613424957,,,,,,, 
-0.967315783,-1.54139971,-1.89516936,,,,,,, 
-0.699720817,-1.54139971,-2.811469673,,,,,,, 
-0.699720817,-1.303564482,-4.043843673,,,,,,, 
-0.5814687,-1.303564482,-3.538324671,,,,,,, 
-0.5814687,-1.288205701,-2.3573421,,,,,,, 
-0.932802766,-1.288205701,-1.141216964,,,,,,, 
-0.932802766,-0.983667225,-0.612997601,,,,,,, 
-0.86248964,-0.983667225,-0.060861379,,,,,,, 
-0.86248964,-1.156386397,0.098767091,,,,,,, 
-0.929263223,-1.156386397,0.24100991,,,,,,, 
-0.929263223,-1.014091784,0.401525644,,,,,,, 
-0.868607176,-1.014091784,0.469185111,,,,,,, 
-0.868607176,-1.211417174,0.413787942,,,,,,, 
-0.937168488,-1.211417174,-0.123575017,,,,,,, 
-0.937168488,-1.009393692,-0.964663172,,,,,,, 
-0.789425838,-1.009393692,-1.858810052,,,,,,, 
-0.789425838,-1.125916097,-2.904314319,,,,,,, 
-0.694462718,-1.125916097,-2.848400432,,,,,,, 
-0.694462718,-0.906582286,-1.430289138,,,,,,, 
-0.761917513,-0.906582286,-0.565049401,,,,,,, 
-0.761917513,-0.990585284,0.125787776,,,,,,, 
-0.913655299,-0.990585284,0.166808349,,,,,,, 
-0.913655299,-0.917454574,0.494524942,,,,,,, 
-0.831430159,-0.917454574,0.514428516,,,,,,, 
-0.831430159,-0.888806293,0.799782444,,,,,,, 
-0.882847728,-0.888806293,-0.012218109,,,,,,, 
-0.882847728,-0.89238999,-0.832061348,,,,,,, 
-0.726729674,-0.89238999,-1.993643469,,,,,,, 
-0.726729674,-0.998811932,-2.924199981,,,,,,, 
-0.598765059,-0.998811932,-3.730039611,,,,,,, 
-0.598765059,-0.951341359,-3.756276907,,,,,,, 
-0.772378589,-0.951341359,-1.942912385,,,,,,, 
-0.772378589,-1.024163462,-1.025466474,,,,,,, 
-0.963119984,-1.024163462,-0.780142599,,,,,,, 
-0.963119984,-0.897391348,0.216717762,,,,,,, 
-0.910072567,-0.897391348,0.140735902,,,,,,, 
-0.910072567,-0.9732725,0.495255319,,,,,,, 
-1.007018157,-0.9732725,0.342004928,,,,,,, 
-1.007018157,-0.978740993,0.759163509,,,,,,, 
-0.903246478,-0.978740993,0.326628156,,,,,,, 
-0.903246478,-0.941514034,0.022129043,,,,,,, 
-0.962191191,-0.941514034,-1.159436038,,,,,,, 
-0.962191191,-1.162179753,-1.857696058,,,,,,, 
-0.669244757,-1.162179753,-2.976194881,,,,,,, 
-0.669244757,-1.17452456,-3.742586602,,,,,,, 
-0.762202021,-1.17452456,-2.856121132,,,,,,, 
-0.762202021,-1.156092493,-1.382278758,,,,,,, 
-0.913430413,-1.156092493,-0.646572488,,,,,,, 
-0.913430413,-1.077640777,0.116643893,,,,,,, 
-0.95574087,-1.077640777,0.120784456,,,,,,, 
-0.95574087,-1.259891195,0.35028062,,,,,,, 
-0.924246256,-1.259891195,0.348609817,,,,,,, 
-0.924246256,-1.06028422,0.577352433,,,,,,, 
-1.095677744,-1.06028422,0.102505587,,,,,,, 
-1.095677744,-1.404725657,-0.848199692,,,,,,, 
-0.825400968,-1.404725657,-1.738834204,,,,,,, 
-0.825400968,-1.399134744,-2.914793911,,,,,,, 
-0.763969848,-1.399134744,-3.605713409,,,,,,, 
-0.763969848,-1.420411223,-3.948135856,,,,,,, 
-0.750752608,-1.420411223,-2.268252919,,,,,,, 
-0.750752608,-1.208523244,-1.202624938,,,,,,, 
-1.084373471,-1.208523244,-0.622534264,,,,,,, 
-1.084373471,-1.329084815,-0.049351435,,,,,,, 
-1.005729572,-1.329084815,0.124150023,,,,,,, 
-1.005729572,-1.290701671,0.439615086,,,,,,, 
-1.132279507,-1.290701671,0.393751804,,,,,,, 
-1.132279507,-1.455974303,0.412105708,,,,,,, 
-1.041275909,-1.455974303,-0.219373037,,,,,,, 
-1.041275909,-1.379135488,-1.226713879,,,,,,, 
-0.991713597,-1.379135488,-2.619527443,,,,,,, 
-0.991713597,-1.497283163,-3.653159229,,,,,,, 
-0.694680606,-1.497283163,-4.361618586,,,,,,, 
-0.694680606,-1.352992489,-4.521330621,,,,,,, 
-0.934910517,-1.352992489,-2.633913723,,,,,,, 
-0.934910517,-1.28331018,-1.428680799,,,,,,, 
-0.99597275,-1.28331018,-0.654824987,,,,,,, 
-0.99597275,-1.211464113,-0.077217435,,,,,,, 
-1.123475881,-1.211464113,0.099903783,,,,,,, 
-1.123475881,-1.262001428,0.299325488,,,,,,, 
-1.048323708,-1.262001428,0.498032239,,,,,,, 
-1.048323708,-1.131706408,0.617827097,,,,,,, 
-1.073566059,-1.131706408,0.683957864,,,,,,, 
-1.073566059,-1.273218656,0.392069556,,,,,,, 
-0.994647074,-1.273218656,-0.229359131,,,,,,, 
-0.994647074,-1.161484069,-1.313780427,,,,,,, 
-0.937109287,-1.161484069,-2.585917977,,,,,,, 
-0.937109287,-1.257478902,-3.745303019,,,,,,, 
-0.554389613,-1.257478902,-4.321416795,,,,,,, 
-0.554389613,-1.413338163,-5.285270661,,,,,,, 
-0.713483139,-1.413338163,-3.343507441,,,,,,, 
-0.713483139,-0.949512125,-1.809965514,,,,,,, 
-0.949035409,-0.949512125,-0.722280022,,,,,,, 
-0.949035409,-1.094368944,-0.140309708,,,,,,, 
-1.048290538,-1.094368944,0.11006622,,,,,,, 
-1.048290538,-1.155745849,0.31622883,,,,,,, 
-0.970512308,-1.155745849,0.564483737,,,,,,, 
-0.970512308,-1.039903442,0.553193935,,,,,,, 
-1.13737601,-1.039903442,0.159143315,,,,,,, 
-1.13737601,-1.220405817,-1.028886718,,,,,,, 
-0.798771565,-1.220405817,-1.730743353,,,,,,, 
-0.798771565,-1.301338074,-3.158435731,,,,,,, 
-0.693071098,-1.301338074,-3.784549343,,,,,,, 
-0.693071098,-1.398523168,-4.740849366,,,,,,, 
-0.622150272,-1.398523168,-2.609020976,,,,,,, 
-0.622150272,-1.17526572,-1.714583906,,,,,,, 
-0.941780054,-1.17526572,-0.840873397,,,,,,, 
-0.941780054,-1.096462159,-0.64243757,,,,,,, 
-0.875412212,-1.096462159,0.170042574,,,,,,, 
-0.875412212,-1.172485551,0.261727386,,,,,,, 
-0.924933072,-1.172485551,0.409932744,,,,,,, 
-0.924933072,-1.183140018,0.331089887,,,,,,, 
-0.911913774,-1.183140018,0.66836364,,,,,,, 
-0.911913774,-1.156611394,0.447399486,,,,,,, 
-0.95567155,-1.156611394,-0.194029584,,,,,,, 
-0.95567155,-1.293876798,-1.311066568,,,,,,, 
-0.756183761,-1.293876798,-1.951691326,,,,,,, 
-0.756183761,-1.357117629,-3.250081187,,,,,,, 
-0.72270022,-1.357117629,-3.567415906,,,,,,, 
-0.72270022,-1.316984095,-2.967750369,,,,,,, 
-0.797264558,-1.316984095,-1.347723728,,,,,,, 
-0.797264558,-1.191214634,-0.765914487,,,,,,, 
-1.006988964,-1.191214634,-0.164648301,,,,,,, 
-1.006988964,-1.333309638,0.087250409,,,,,,, 
-0.98350144,-1.333309638,0.259014334,,,,,,, 
-0.98350144,-1.14649602,0.421833215,,,,,,, 
-1.107371952,-1.14649602,0.36981282,,,,,,, 
-1.107371952,-1.402825958,0.220509107,,,,,,, 
-0.947480164,-1.402825958,-0.28635745,,,,,,, 
-0.947480164,-1.319415094,-1.508961941,,,,,,, 
-0.846680779,-1.319415094,-2.771570004,,,,,,, 
-0.846680779,-1.609891434,-4.050086001,,,,,,, 
-0.557480914,-1.609891434,-4.410789842,,,,,,, 
-0.557480914,-1.211948557,-3.945943676,,,,,,, 
-0.965192082,-1.211948557,-1.963017387,,,,,,, 
-0.965192082,-1.292038089,-1.351962211,,,,,,, 
-0.915892463,-1.292038089,-0.657955301,,,,,,, 
-0.915892463,-1.119919537,-0.04836786,,,,,,, 
-1.084656998,-1.119919537,0.028120593,,,,,,, 
-1.084656998,-1.207553496,0.287823058,,,,,,, 
-1.03717728,-1.207553496,0.34121669,,,,,,, 
-1.03717728,-0.980074428,0.475338893,,,,,,, 
-1.12353413,-0.980074428,0.011976155,,,,,,, 
-1.12353413,-1.303966181,-0.832802374,,,,,,, 
-0.973176161,-1.303966181,-1.658436342,,,,,,, 
-0.973176161,-1.153339935,-2.795754866,,,,,,, 
-0.767919572,-1.153339935,-3.696850375,,,,,,, 
-0.767919572,-1.628673609,-4.992674692,,,,,,, 
-0.512863813,-1.628673609,-4.860270783,,,,,,, 
-0.512863813,-0.994519917,-3.481268237,,,,,,, 
-0.923653915,-0.994519917,-1.974880548,,,,,,, 
-0.923653915,-1.233435878,-1.124704051,,,,,,, 
-0.859406582,-1.233435878,-0.798634425,,,,,,, 
-0.859406582,-0.940791969,0.118220605,,,,,,, 
-1.114983472,-0.940791969,-0.028221542,,,,,,, 
-1.114983472,-1.281711044,0.280994762,,,,,,, 
-0.97357614,-1.281711044,0.13807496,,,,,,, 
-0.97357614,-1.022957943,-0.183052337,,,,,,, 
-1.047671483,-1.022957943,-1.628940808,,,,,,, 
-1.047671483,-1.397595474,-3.011047672,,,,,,, 
-0.590428651,-1.397595474,-4.067803792,,,,,,, 
-0.590428651,-1.269200811,-5.036321856,,,,,,, 
-0.50417655,-1.269200811,-5.905453933,,,,,,, 
-0.50417655,-1.499113534,-5.859469197,,,,,,, 
-0.515671941,-1.499113534,-3.447617563,,,,,,, 
-0.515671941,-0.818307083,-2.01354654,,,,,,, 
-0.869493185,-0.818307083,-1.341521294,,,,,,, 
-0.869493185,-1.294498766,-0.961526479,,,,,,, 
-0.79692331,-1.294498766,-0.545007603,,,,,,, 
-0.79692331,-0.882914907,-0.05913664,,,,,,, 
-0.924161428,-0.882914907,-0.040087564,,,,,,, 
-0.924161428,-1.248079746,-0.173728185,,,,,,, 
-0.798348013,-1.248079746,-1.239041749,,,,,,, 
-0.798348013,-1.249403225,-2.291117161,,,,,,, 
-0.729415378,-1.249403225,-3.285195822,,,,,,, 
-0.729415378,-1.862116284,-5.030078767,,,,,,, 
-0.446672051,-1.862116284,-5.823741721,,,,,,, 
-0.446672051,-1.638364766,-6.792219466,,,,,,, 
-0.512357953,-1.638364766,-5.156001102,,,,,,, 
-0.512357953,-1.488610428,-3.555377091,,,,,,, 
-0.881166714,-1.488610428,-2.251299796,,,,,,, 
-0.881166714,-1.263167864,-1.362948073,,,,,,, 
-0.99724925,-1.263167864,-0.761534369,,,,,,, 
-0.99724925,-1.746962888,-0.78693888,,,,,,, 
-0.897273657,-1.746962888,-0.133527254,,,,,,, 
-0.897273657,-1.167674132,0.132944674,,,,,,, 
-0.888820373,-1.167674132,-0.597711833,,,,,,, 
-0.888820373,-1.714755446,-2.041898556,,,,,,, 
-0.789692968,-1.714755446,-2.986253386,,,,,,, 
-0.789692968,-1.425224285,-4.40611854,,,,,,, 
-0.482562551,-1.425224285,-5.075249075,,,,,,, 
-0.482562551,-1.728903003,-6.619485716,,,,,,, 
-0.449292758,-1.728903003,-5.407578149,,,,,,, 
-0.449292758,-1.025194688,-3.466677458,,,,,,, 
-0.752798782,-1.025194688,-1.754596306,,,,,,, 
-0.752798782,-0.991497909,-1.071566445,,,,,,, 
-1.016483168,-0.991497909,-0.721395683,,,,,,, 
-1.016483168,-1.100995291,0.040058113,,,,,,, 
-0.874695279,-1.100995291,0.083208364,,,,,,, 
-0.874695279,-0.725105826,0.548586798,,,,,,, 
-1.007047554,-0.725105826,0.190251766,,,,,,, 
-1.007047554,-1.200533885,-0.117944538,,,,,,, 
-0.884481303,-1.200533885,-1.629881996,,,,,,, 
-0.884481303,-1.241371333,-2.768010265,,,,,,, 
-0.803308363,-1.241371333,-4.141113967,,,,,,, 
-0.803308363,-1.568814468,-5.702987213,,,,,,, 
-0.593575465,-1.568814468,-5.975523915,,,,,,, 
-0.593575465,-1.173232995,-4.772206867,,,,,,, 
-0.995292658,-1.173232995,-2.784527341,,,,,,, 
-0.995292658,-1.252303557,-1.846655226,,,,,,, 
-1.007798446,-1.252303557,-1.110045427,,,,,,, 
-1.007798446,-1.261922462,-0.716266153,,,,,,, 
-1.097057426,-1.261922462,-0.253248153,,,,,,, 
-1.097057426,-1.423380298,-0.095791854,,,,,,, 
-1.014651089,-1.423380298,-0.019167578,,,,,,, 
-1.014651089,-1.046654308,0.275675705,,,,,,, 
-1.130513101,-1.046654308,0.071308393,,,,,,, 
-1.130513101,-1.432859939,-1.013521938,,,,,,, 
-0.922141512,-1.432859939,-2.01066131,,,,,,, 
-0.922141512,-1.14200378,-3.315004179,,,,,,, 
-0.70433337,-1.14200378,-4.177762523,,,,,,, 
-0.70433337,-1.659944672,-5.642615348,,,,,,, 
-0.515169261,-1.659944672,-4.806262708,,,,,,, 
-0.515169261,-0.826429779,-3.166241581,,,,,,, 
-0.889960253,-0.826429779,-1.800998177,,,,,,, 
-0.889960253,-1.306368559,-1.600993298,,,,,,, 
-0.856503699,-1.306368559,-0.865056688,,,,,,, 
-0.856503699,-0.988304004,-0.226091126,,,,,,, 
-1.023493368,-0.988304004,-0.045057679,,,,,,, 
-1.023493368,-1.392117226,-0.174064378,,,,,,, 
-0.988385964,-1.392117226,0.131375851,,,,,,, 
-0.988385964,-1.063286556,0.015511672,,,,,,, 
-0.953558502,-1.063286556,-0.818222909,,,,,,, 
-0.953558502,-1.577805919,-2.49268759,,,,,,, 
-0.786559611,-1.577805919,-3.274176144,,,,,,, 
-0.786559611,-1.336388562,-4.566867651,,,,,,, 
-0.578206684,-1.336388562,-5.179822444,,,,,,, 
-0.578206684,-1.698639966,-5.609209689,,,,,,, 
-0.66134701,-1.698639966,-3.246039407,,,,,,, 
-0.66134701,-0.904840711,-2.300372193,,,,,,, 
-0.914720547,-0.904840711,-1.140579172,,,,,,, 
-0.914720547,-1.485542597,-1.098470221,,,,,,, 
-1.037809796,-1.485542597,-0.514822538,,,,,,, 
-1.037809796,-1.145947201,-0.09220265,,,,,,, 
-0.925579457,-1.145947201,0.016161814,,,,,,, 
-0.925579457,-1.484690229,-0.104403393,,,,,,, 
-1.000316933,-1.484690229,-0.092492957,,,,,,, 
-1.000316933,-1.196357667,-1.066463923,,,,,,, 
-0.882960916,-1.196357667,-1.979541696,,,,,,, 
-0.882960916,-1.743397076,-3.63006227,,,,,,, 
-0.699859225,-1.743397076,-4.333745555,,,,,,, 
-0.699859225,-1.389099032,-5.55021783,,,,,,, 
-0.702485985,-1.389099032,-4.111266045,,,,,,, 
-0.702485985,-1.519894697,-2.976830208,,,,,,, 
-0.913726154,-1.519894697,-1.499057643,,,,,,, 
-0.913726154,-1.176100114,-1.001959418,,,,,,, 
-0.873460072,-1.176100114,-0.338235549,,,,,,, 
-0.873460072,-1.618173293,-0.6160098,,,,,,, 
-0.922320452,-1.618173293,-0.110696126,,,,,,, 
-0.922320452,-1.227203877,0.12856305,,,,,,, 
-0.954743395,-1.227203877,0.15944575,,,,,,, 
-0.954743395,-1.502533299,0.096953637,,,,,,, 
-0.911697723,-1.502533299,-0.246454927,,,,,,, 
-0.911697723,-1.161018972,-0.892811354,,,,,,, 
-0.875854657,-1.161018972,-1.940909465,,,,,,, 
-0.875854657,-1.654413422,-3.340997994,,,,,,, 
-0.649294279,-1.654413422,-4.229611951,,,,,,, 
-0.649294279,-1.311713917,-4.530644771,,,,,,, 
-0.709057875,-1.311713917,-2.959483166,,,,,,, 
-0.709057875,-1.402938382,-2.212714486,,,,,,, 
-0.845469047,-1.402938382,-1.163270848,,,,,,, 
-0.845469047,-1.066736256,-0.692789081,,,,,,, 
-0.89887402,-1.066736256,-0.168710388,,,,,,, 
-0.89887402,-1.521191193,-0.067102161,,,,,,, 
-0.87281151,-1.521191193,0.031866627,,,,,,, 
-0.87281151,-1.018253988,0.331323543,,,,,,, 
-0.872590977,-1.018253988,0.398913964,,,,,,, 
-0.872590977,-1.532362171,-0.501829989,,,,,,, 
-0.822170644,-1.532362171,-1.060495999,,,,,,, 
-0.822170644,-1.012231881,-2.012064211,,,,,,, 
-0.65049294,-1.012231881,-2.996968701,,,,,,, 
-0.65049294,-1.574158162,-4.530035319,,,,,,, 
-0.480423471,-1.574158162,-4.301238249,,,,,,, 
-0.480423471,-0.81303216,-2.877418417,,,,,,, 
-0.743580644,-0.81303216,-1.353149111,,,,,,, 
-0.743580644,-1.463099244,-1.153974943,,,,,,, 
-0.845814883,-1.463099244,-0.531886676,,,,,,, 
-0.845814883,-1.079950218,0.096844972,,,,,,, 
-0.830009661,-1.079950218,0.269994826,,,,,,, 
-0.830009661,-1.410495399,0.08060525,,,,,,, 
-0.840212761,-1.410495399,0.330915554,,,,,,, 
-0.840212761,-1.089099179,0.459268428,,,,,,, 
-0.865987875,-1.089099179,0.631545766,,,,,,, 
-0.865987875,-1.459269582,0.038666309,,,,,,, 
-0.89478896,-1.459269582,-0.644290329,,,,,,, 
-0.89478896,-1.011431111,-1.595637863,,,,,,, 
-0.711579257,-1.011431111,-2.55128864,,,,,,, 
-0.711579257,-1.628844949,-4.211028661,,,,,,, 
-0.545298328,-1.628844949,-4.657886911,,,,,,, 
-0.545298328,-1.100735899,-4.596868671,,,,,,, 
-0.774850773,-1.100735899,-2.276436452,,,,,,, 
-0.774850773,-1.599632251,-1.722676099,,,,,,, 
-0.934138728,-1.599632251,-0.831580148,,,,,,, 
-0.934138728,-1.162191863,-0.048449727,,,,,,, 
-0.924238578,-1.162191863,0.05980104,,,,,,, 
-0.924238578,-1.547676576,-0.127656524,,,,,,, 
-0.929818544,-1.547676576,0.284889489,,,,,,, 
-0.929818544,-1.193643181,0.338347845,,,,,,, 
-1.008271894,-1.193643181,0.461180247,,,,,,, 
-1.008271894,-1.720553363,-0.647258916,,,,,,, 
-0.994207152,-1.720553363,-0.91469267,,,,,,, 
-0.994207152,-1.294684811,-2.05274651,,,,,,, 
-0.772777334,-1.294684811,-2.894160808,,,,,,, 
-0.772777334,-1.833613843,-4.417307675,,,,,,, 
-0.703311674,-1.833613843,-3.547011984,,,,,,, 
-0.703311674,-1.239241022,-2.315138392,,,,,,, 
-0.966602433,-1.239241022,-1.011233942,,,,,,, 
-0.966602433,-1.608695466,-1.101683154,,,,,,, 
-0.902497729,-1.608695466,-0.248316891,,,,,,, 
-0.902497729,-1.120464669,-0.056968661,,,,,,, 
-0.958050149,-1.120464669,0.169507449,,,,,,, 
-0.958050149,-1.585312079,-0.061319084,,,,,,, 
-1.005546274,-1.585312079,0.028970084,,,,,,, 
-1.005546274,-1.2964769,-0.709653386,,,,,,, 
-0.936998758,-1.2964769,-1.433047745,,,,,,, 
-0.936998758,-1.694023785,-3.085861981,,,,,,, 
-0.75538777,-1.694023785,-3.602956622,,,,,,, 
-0.75538777,-1.314898908,-4.92411395,,,,,,, 
-0.641764015,-1.314898908,-4.272346487,,,,,,, 
-0.641764015,-1.585799918,-3.108231752,,,,,,, 
-0.907995662,-1.585799918,-1.468771307,,,,,,, 
-0.907995662,-1.284760454,-1.079910365,,,,,,, 
-0.990687575,-1.284760454,-0.565228052,,,,,,, 
-0.990687575,-1.62844801,-0.656456319,,,,,,, 
-0.993033912,-1.62844801,0.04480052,,,,,,, 
-0.993033912,-1.18105944,0.1445881,,,,,,, 
-0.964010963,-1.18105944,0.329403523,,,,,,, 
-0.964010963,-1.561036996,-0.273368721,,,,,,, 
-0.985043008,-1.561036996,-0.621082261,,,,,,, 
-0.985043008,-1.162941637,-1.652883765,,,,,,, 
-0.760738558,-1.162941637,-2.509769219,,,,,,, 
-0.760738558,-1.731999617,-4.061558572,,,,,,, 
-0.535600838,-1.731999617,-4.463982853,,,,,,, 
-0.535600838,-1.224839719,-4.888781679,,,,,,, 
-0.686770133,-1.224839719,-2.668266172,,,,,,, 
-0.686770133,-1.455372862,-2.376572178,,,,,,, 
-0.862610889,-1.455372862,-1.006593725,,,,,,, 
-0.862610889,-1.166839767,-0.667144012,,,,,,, 
-0.905591013,-1.166839767,-0.103158852,,,,,,, 
-0.905591013,-1.501695987,-0.274502327,,,,,,, 
-0.955708014,-1.501695987,0.132059319,,,,,,, 
-0.955708014,-1.12363906,0.111690963,,,,,,, 
-0.917813791,-1.12363906,-0.075485951,,,,,,, 
-0.917813791,-1.461663616,-1.42873634,,,,,,, 
-0.810049325,-1.461663616,-1.83139545,,,,,,, 
-0.810049325,-1.102177964,-3.093600675,,,,,,, 
-0.589556048,-1.102177964,-3.722310667,,,,,,, 
-0.589556048,-1.737931323,-5.353809714,,,,,,, 
-0.536888349,-1.737931323,-4.380626464,,,,,,, 
-0.536888349,-0.999774576,-2.831161512,,,,,,, 
-0.76361522,-0.999774576,-1.340617999,,,,,,, 
-0.76361522,-1.393957472,-1.164613543,,,,,,, 
-0.84707556,-1.393957472,-0.547801836,,,,,,, 
-0.84707556,-1.052894134,-0.106310762,,,,,,, 
-0.840710942,-1.052894134,0.079691565,,,,,,, 
-0.840710942,-1.166831677,-0.141668776,,,,,,, 
-0.884760006,-1.166831677,0.168342773,,,,,,, 
-0.884760006,-1.10708663,-0.11339869,,,,,,, 
-0.858810783,-1.10708663,-0.774245195,,,,,,, 
-0.858810783,-1.327789894,-1.958181338,,,,,,, 
-0.764788256,-1.327789894,-2.755434195,,,,,,, 
-0.764788256,-1.29312551,-4.077924466,,,,,,, 
-0.576208689,-1.29312551,-4.088615546,,,,,,, 
-0.576208689,-1.315237945,-3.38137198,,,,,,, 
-0.852661286,-1.315237945,-1.59671319,,,,,,, 
-0.852661286,-1.17046327,-1.062764997,,,,,,, 
-0.840548867,-1.17046327,-0.279702954,,,,,,, 
-0.840548867,-1.236559259,-0.17253816,,,,,,, 
-0.952765664,-1.236559259,0.028516826,,,,,,, 
-0.952765664,-1.323417626,0.183040995,,,,,,, 
-0.910473658,-1.323417626,0.248564964,,,,,,, 
-0.910473658,-1.164075366,0.364892245,,,,,,, 
-0.96802987,-1.164075366,0.338156633,,,,,,, 
-0.96802987,-1.458307581,-0.033684278,,,,,,, 
-0.903066572,-1.458307581,-0.735070282,,,,,,, 
-0.903066572,-1.248173639,-1.440616846,,,,,,, 
-0.936570627,-1.248173639,-2.469234771,,,,,,, 
-0.936570627,-1.697282779,-3.578059031,,,,,,, 
-0.60444059,-1.697282779,-4.320231358,,,,,,, 
-0.60444059,-1.496111758,-4.639317349,,,,,,, 
-0.910608838,-1.496111758,-2.731801256,,,,,,, 
-0.910608838,-1.458156934,-1.594952361,,,,,,, 
-0.883273805,-1.458156934,-0.846691291,,,,,,, 
-0.883273805,-1.291314163,-0.078116334,,,,,,, 
-1.07054318,-1.291314163,0.041187624,,,,,,, 
-1.07054318,-1.545383875,0.177659881,,,,,,, 
-0.953154074,-1.545383875,0.255157083,,,,,,, 
-0.953154074,-1.276961535,0.50361052,,,,,,, 
-1.138018561,-1.276961535,0.616254457,,,,,,, 
-1.138018561,-1.67623723,-0.178144395,,,,,,, 
-1.023619397,-1.67623723,-0.905181212,,,,,,, 
-1.023619397,-1.271039231,-1.927491111,,,,,,, 
-0.869691672,-1.271039231,-2.810257573,,,,,,, 
-0.869691672,-1.977006605,-4.545437107,,,,,,, 
-0.685672967,-1.977006605,-4.146767246,,,,,,, 
-0.685672967,-1.185259135,-2.746670266,,,,,,, 
-0.984291701,-1.185259135,-1.139372735,,,,,,, 
-0.984291701,-1.674431274,-1.024315081,,,,,,, 
-0.908007921,-1.674431274,-0.163700339,,,,,,, 
-0.908007921,-1.319813119,0.096302883,,,,,,, 
-1.02006353,-1.319813119,0.357470486,,,,,,, 
-1.02006353,-1.684043462,0.096825106,,,,,,, 
-0.974560333,-1.684043462,0.392336024,,,,,,, 
-0.974560333,-1.353697645,0.506828111,,,,,,, 
-1.074265299,-1.353697645,0.332352728,,,,,,, 
-1.074265299,-1.713272653,-0.849888753,,,,,,, 
-0.965439915,-1.713272653,-1.285646823,,,,,,, 
-0.965439915,-1.410197786,-2.75921466,,,,,,, 
-0.765674238,-1.410197786,-3.297832523,,,,,,, 
-0.765674238,-1.877404234,-4.763332327,,,,,,, 
-0.798130624,-1.877404234,-3.336069511,,,,,,, 
-0.798130624,-1.365185462,-2.358695415,,,,,,, 
-1.012999468,-1.365185462,-0.891907735,,,,,,, 
-1.012999468,-1.695249398,-1.024886318,,,,,,, 
-1.024525891,-1.695249398,0.047178337,,,,,,, 
-1.024525891,-1.417197588,0.009843274,,,,,,, 
-0.993146914,-1.417197588,0.435990725,,,,,,, 
-0.993146914,-1.578012775,0.14673989,,,,,,, 
-1.027590148,-1.578012775,0.568299487,,,,,,, 
-1.027590148,-1.418079091,0.157339409,,,,,,, 
-1.002625391,-1.418079091,-0.237904013,,,,,,, 
-1.002625391,-1.471279963,-1.464108345,,,,,,, 
-0.932152026,-1.471279963,-1.933182273,,,,,,, 
-0.932152026,-1.46822757,-3.411611324,,,,,,, 
-0.661780917,-1.46822757,-3.515231569,,,,,,, 
-0.661780917,-1.363566636,-3.295533984,,,,,,, 
-0.984532687,-1.363566636,-1.627197373,,,,,,, 
-0.984532687,-1.568289549,-1.245289021,,,,,,, 
-0.906962913,-1.568289549,-0.283178794,,,,,,, 
-0.906962913,-1.277601625,-0.094917422,,,,,,, 
-1.053356911,-1.277601625,0.143615725,,,,,,, 
-1.053356911,-1.49852124,0.236942577,,,,,,, 
-0.934785747,-1.49852124,0.429122428,,,,,,, 
-0.934785747,-1.3735565,0.349321615,,,,,,, 
-1.086404975,-1.3735565,0.547340712,,,,,,, 
-1.086404975,-1.629554094,0.035517343,,,,,,, 
-0.889388319,-1.629554094,-0.463730591,,,,,,, 
-0.889388319,-1.40798823,-1.201387488,,,,,,, 
-0.887956585,-1.40798823,-1.639852148,,,,,,, 
-0.887956585,-1.735571554,-3.258620179,,,,,,, 
-0.641155433,-1.735571554,-3.548521925,,,,,,, 
-0.641155433,-1.434699243,-4.341459185,,,,,,, 
-0.832886115,-1.434699243,-2.446404959,,,,,,, 
-0.832886115,-1.587653282,-1.929454418,,,,,,, 
-0.881132241,-1.587653282,-0.85822314,,,,,,, 
-0.881132241,-1.177447915,-0.753534282,,,,,,, 
-0.902984012,-1.177447915,-0.007848303,,,,,,, 
-0.902984012,-1.675390043,-0.137799082,,,,,,, 
-0.876933736,-1.675390043,0.168445467,,,,,,, 
-0.876933736,-1.383788879,0.350340868,,,,,,, 
-0.957890947,-1.383788879,0.350754328,,,,,,, 
-0.957890947,-1.704138202,-0.098708784,,,,,,, 
-0.988501236,-1.704138202,-0.284633834,,,,,,, 
-0.988501236,-1.267211506,-1.253556593,,,,,,, 
-0.883017828,-1.267211506,-1.810792291,,,,,,, 
-0.883017828,-1.956016186,-3.461746748,,,,,,, 
-0.766866979,-1.956016186,-3.798864934,,,,,,, 
-0.766866979,-1.539744827,-4.392504018,,,,,,, 
-0.83833553,-1.539744827,-2.628157845,,,,,,, 
-0.83833553,-1.64900782,-1.764293947,,,,,,, 
-1.043032761,-1.64900782,-0.852165177,,,,,,, 
-1.043032761,-1.364195398,-0.538797305,,,,,,, 
-0.997768677,-1.364195398,0.125995955,,,,,,, 
-0.997768677,-1.529779834,0.120303018,,,,,,, 
-0.969867294,-1.529779834,0.330517341,,,,,,, 
-0.969867294,-1.262703532,0.247866082,,,,,,, 
-0.88837772,-1.262703532,0.097115383,,,,,,, 
-0.88837772,-1.262124668,-0.746511588,,,,,,, 
-0.941953906,-1.262124668,-1.610060212,,,,,,, 
-0.941953906,-1.469810242,-3.155129439,,,,,,, 
-0.669421514,-1.469810242,-3.678755096,,,,,,, 
-0.669421514,-1.516547575,-4.931579517,,,,,,, 
-0.813985545,-1.516547575,-3.627803924,,,,,,, 
-0.813985545,-1.327296327,-2.495689427,,,,,,, 
-0.894599737,-1.327296327,-1.1133986,,,,,,, 
-0.894599737,-1.175848349,-0.818267394,,,,,,, 
-1.084206301,-1.175848349,-0.1338534,,,,,,, 
-1.084206301,-1.476355442,-0.061718127,,,,,,, 
-0.950578907,-1.476355442,0.261093855,,,,,,, 
-0.950578907,-1.137089381,0.332946795,,,,,,, 
-1.053616266,-1.137089381,0.522742171,,,,,,, 
-1.053616266,-1.509491418,0.276268195,,,,,,, 
-0.943604039,-1.509491418,0.125913538,,,,,,, 
-0.943604039,-1.265968167,-0.736317134,,,,,,, 
-0.958981428,-1.265968167,-1.197248657,,,,,,, 
-0.958981428,-1.649081477,-2.871981519,,,,,,, 
-0.849555365,-1.649081477,-3.250490835,,,,,,, 
-0.849555365,-1.526872901,-4.436331365,,,,,,, 
-0.844758623,-1.526872901,-3.267492586,,,,,,, 
-0.844758623,-1.759247667,-2.606512364,,,,,,, 
-1.105684936,-1.759247667,-0.932536001,,,,,,, 
-1.105684936,-1.352626364,-0.808627334,,,,,,, 
-1.06864973,-1.352626364,0.140840411,,,,,,, 
-1.06864973,-1.730344244,-0.583621526,,,,,,, 
-1.040939814,-1.730344244,0.477555811,,,,,,, 
-1.040939814,-1.453743175,0.282713658,,,,,,, 
-1.042198158,-1.453743175,0.688459495,,,,,,, 
-1.042198158,-1.727220556,0.087046761,,,,,,, 
-1.206110514,-1.727220556,0.158789835,,,,,,, 
-1.206110514,-1.591765236,-1.342251398,,,,,,, 
-0.989428809,-1.591765236,-1.571121134,,,,,,, 
-0.989428809,-1.76727498,-3.526556509,,,,,,, 
-0.942091023,-1.76727498,-3.662460997,,,,,,, 
-0.942091023,-1.55997019,-4.451760965,,,,,,, 
-0.912689524,-1.55997019,-2.289511658,,,,,,, 
-0.912689524,-1.466225032,-1.705559322,,,,,,, 
-1.129333251,-1.466225032,-0.797237706,,,,,,, 
-1.129333251,-1.609601036,-0.798247439,,,,,,, 
-1.055734761,-1.609601036,0.119476797,,,,,,, 
-1.055734761,-1.481290787,0.047726013,,,,,,, 
-1.213012481,-1.481290787,0.304084731,,,,,,, 
-1.213012481,-1.61383497,0.213348212,,,,,,, 
-1.124955795,-1.61383497,0.622769346,,,,,,, 
-1.124955795,-1.478327865,0.117209852,,,,,,, 
-1.478685782,-1.478327865,-0.484489486,,,,,,, 
-1.478685782,-1.614406505,-1.475677117,,,,,,, 
-0.975291574,-1.614406505,-2.02102164,,,,,,, 
-0.975291574,-1.425397065,-3.287508306,,,,,,, 
-0.98016167,-1.425397065,-3.620123432,,,,,,, 
-0.98016167,-1.707509326,-3.831276492,,,,,,, 
-0.948037863,-1.707509326,-1.546356536,,,,,,, 
-0.948037863,-1.424183914,-1.114628253,,,,,,, 
-1.11556683,-1.424183914,-0.0492377,,,,,,, 
-1.11556683,-1.670883538,-0.156785675,,,,,,, 
-1.085753173,-1.670883538,0.327123788,,,,,,, 
-1.085753173,-1.336759745,0.232497931,,,,,,, 
-1.138204625,-1.336759745,0.71336867,,,,,,, 
-1.138204625,-1.649272148,0.166920754,,,,,,, 
-1.106597268,-1.649272148,0.442688768,,,,,,, 
-1.106597268,-1.34858714,-0.649334309,,,,,,, 
-1.016587192,-1.34858714,-0.845583456,,,,,,, 
-1.016587192,-1.687012299,-2.684670483,,,,,,, 
-0.909836564,-1.687012299,-2.968152656,,,,,,, 
-0.909836564,-1.407522419,-4.241421681,,,,,,, 
-0.789908737,-1.407522419,-3.66790421,,,,,,, 
-0.789908737,-1.572987848,-2.894100514,,,,,,, 
-1.037288916,-1.572987848,-1.25652758,,,,,,, 
-1.037288916,-1.17214759,-0.984553177,,,,,,, 
-1.104262812,-1.17214759,-0.07267939,,,,,,, 
-1.104262812,-1.482215607,-0.681546597,,,,,,, 
-1.085805936,-1.482215607,0.131426293,,,,,,, 
-1.085805936,-1.128103092,0.002086021,,,,,,, 
-1.056606853,-1.128103092,0.38743248,,,,,,, 
-1.056606853,-1.684155056,-0.642859058,,,,,,, 
-1.105162543,-1.684155056,-0.862046064,,,,,,, 
-1.105162543,-1.324411357,-2.282978619,,,,,,, 
-0.920500419,-1.324411357,-2.815036464,,,,,,, 
-0.920500419,-1.60651317,-4.524493955,,,,,,, 
-0.822744043,-1.60651317,-4.697582193,,,,,,, 
-0.822744043,-1.355143304,-4.521195313,,,,,,, 
-0.936984763,-1.355143304,-2.316364662,,,,,,, 
-0.936984763,-1.31348953,-1.788638811,,,,,,, 
-1.064508567,-1.31348953,-0.969000474,,,,,,, 
-1.064508567,-1.288699895,-0.843462398,,,,,,, 
-0.982953453,-1.288699895,-0.212282723,,,,,,, 
-0.982953453,-1.2556802,-0.062840955,,,,,,, 
-1.111917225,-1.2556802,-0.033656836,,,,,,, 
-1.111917225,-1.705330601,-0.728441515,,,,,,, 
-1.02928838,-1.705330601,-1.144695412,,,,,,, 
-1.02928838,-1.414181137,-2.262572903,,,,,,, 
-0.96300279,-1.414181137,-3.164071321,,,,,,, 
-0.96300279,-1.64051237,-4.453157069,,,,,,, 
-0.780227248,-1.64051237,-4.144419588,,,,,,, 
-0.780227248,-1.423729023,-2.834754026,,,,,,, 
-1.060660973,-1.423729023,-1.494859961,,,,,,, 
-1.060660973,-1.640477371,-1.307990992,,,,,,, 
-1.05705481,-1.640477371,-0.725743503,,,,,,, 
-1.05705481,-1.342123798,-0.283936725,,,,,,, 
-1.051261774,-1.342123798,-0.047227348,,,,,,, 
-1.051261774,-1.582367787,-0.633167944,,,,,,, 
-1.028701295,-1.582367787,-0.020550476,,,,,,, 
-1.028701295,-1.235513774,0.136775332,,,,,,, 
-0.997583706,-1.235513774,-0.249259168,,,,,,, 
-0.997583706,-1.600971696,-1.454690511,,,,,,, 
-1.020103217,-1.600971696,-1.661696825,,,,,,, 
-1.020103217,-1.188376207,-3.009720629,,,,,,, 
-0.804743246,-1.188376207,-3.317431245,,,,,,, 
-0.804743246,-1.630553421,-4.506093845,,,,,,, 
-0.945930822,-1.630553421,-2.780087499,,,,,,, 
-0.945930822,-1.263273994,-1.825223356,,,,,,, 
-0.973015697,-1.263273994,-0.85309607,,,,,,, 
-0.973015697,-1.321655201,-0.866889712,,,,,,, 
-1.065731214,-1.321655201,-0.207748287,,,,,,, 
-1.065731214,-1.380075933,-0.267737824,,,,,,, 
-1.070455222,-1.380075933,0.073401745,,,,,,, 
-1.070455222,-1.108126266,-0.110865608,,,,,,, 
-1.12539168,-1.108126266,0.213442826,,,,,,, 
-1.12539168,-1.401607999,0.052107768,,,,,,, 
-1.048693282,-1.401607999,0.191305715,,,,,,, 
-1.048693282,-1.217184207,-0.746163568,,,,,,, 
-1.187932635,-1.217184207,-0.90082655,,,,,,, 
-1.187932635,-1.586974033,-2.326657686,,,,,,, 
-1.001252546,-1.586974033,-2.728279355,,,,,,, 
-1.001252546,-1.071842542,-3.903471406,,,,,,, 
-0.994021793,-1.071842542,-3.212558888,,,,,,, 
-0.994021793,-1.502517309,-2.537178477,,,,,,, 
-1.082867494,-1.502517309,-1.072207766,,,,,,, 
-1.082867494,-1.258220991,-0.984718168,,,,,,, 
-1.110943014,-1.258220991,-0.176493142,,,,,,, 
-1.110943014,-1.551024436,-0.63946862,,,,,,, 
-1.008620534,-1.551024436,-0.035437427,,,,,,, 
-1.008620534,-1.121483455,-0.015612415,,,,,,, 
-1.058901169,-1.121483455,0.366773834,,,,,,, 
-1.058901169,-1.490488147,-0.011124672,,,,,,, 
-0.992947055,-1.490488147,0.316082897,,,,,,, 
-0.992947055,-1.176646054,0.278778785,,,,,,, 
-1.00951865,-1.176646054,-0.007184186,,,,,,, 
-1.00951865,-1.502029901,-1.171914957,,,,,,, 
-0.989952457,-1.502029901,-1.405176326,,,,,,, 
-0.989952457,-0.979861691,-2.7048123,,,,,,, 
-0.705582963,-0.979861691,-3.073948511,,,,,,, 
-0.705582963,-1.475441641,-4.172212239,,,,,,, 
-0.890797329,-1.475441641,-2.326268836,,,,,,, 
-0.890797329,-1.1391186,-1.576641981,,,,,,, 
-0.961935482,-1.1391186,-0.705186507,,,,,,, 
-0.961935482,-1.435893069,-0.873017222,,,,,,, 
-0.989203953,-1.435893069,-0.114877617,,,,,,, 
-0.989203953,-1.203623285,-0.127974314,,,,,,, 
-0.9783175,-1.203623285,0.052965287,,,,,,, 
-0.9783175,-1.431827927,0.143034092,,,,,,, 
-1.100497189,-1.431827927,0.062275495,,,,,,, 
-1.100497189,-1.411906614,-0.700858481,,,,,,, 
-0.945401407,-1.411906614,-0.83849589,,,,,,, 
-0.945401407,-1.291382041,-1.44585593,,,,,,, 
-0.95513435,-1.291382041,-2.022856389,,,,,,, 
-0.95513435,-1.450326152,-3.013466634,,,,,,, 
-0.837692128,-1.450326152,-1.928238045,,,,,,, 
-0.837692128,-1.228659299,-1.364694547,,,,,,, 
-1.068920156,-1.228659299,-0.874215442,,,,,,, 
-1.068920156,-1.580693079,-0.810248789,,,,,,, 
-0.929160348,-1.580693079,-0.138569108,,,,,,, 
-0.929160348,-1.217563485,0.053800237,,,,,,, 
-1.039209774,-1.217563485,0.15808717,,,,,,, 
-1.039209774,-1.60513595,-0.034989109,,,,,,, 
-0.976219588,-1.60513595,0.075791565,,,,,,, 
-0.976219588,-1.30689579,0.152078546,,,,,,, 
-1.062044184,-1.30689579,0.222662781,,,,,,, 
-1.062044184,-1.730166591,-0.918520975,,,,,,, 
-1.024472625,-1.730166591,-0.898998125,,,,,,, 
-1.024472625,-1.38897161,-1.892163019,,,,,,, 
-0.920271353,-1.38897161,-2.228415926,,,,,,, 
-0.920271353,-1.776617773,-3.656017296,,,,,,, 
-0.790955093,-1.776617773,-3.183488127,,,,,,, 
-0.790955093,-1.223690277,-2.715822588,,,,,,, 
-0.929750943,-1.223690277,-1.04547891,,,,,,, 
-0.929750943,-1.645978034,-1.303216444,,,,,,, 
-0.986092734,-1.645978034,-0.233703021,,,,,,, 
-0.986092734,-1.437906477,-0.137190546,,,,,,, 
-0.913356934,-1.437906477,0.128614745,,,,,,, 
-0.913356934,-1.620471321,-0.132615238,,,,,,, 
-0.974483719,-1.620471321,0.213232103,,,,,,, 
-0.974483719,-1.378821383,0.132302447,,,,,,, 
-0.967929295,-1.378821383,0.035376878,,,,,,, 
-0.967929295,-1.490747168,-0.8942186,,,,,,, 
-0.934723141,-1.490747168,-1.139385006,,,,,,, 
-0.934723141,-1.363613377,-2.37125223,,,,,,, 
-0.827572067,-1.363613377,-2.506421991,,,,,,, 
-0.827572067,-1.558514637,-3.801170326,,,,,,, 
-0.65739469,-1.558514637,-3.84250745,,,,,,, 
-0.65739469,-1.38712048,-3.475927675,,,,,,, 
-0.893177866,-1.38712048,-1.413108747,,,,,,, 
-0.893177866,-1.405420111,-1.106648994,,,,,,, 
-1.015735114,-1.405420111,-0.260885211,,,,,,, 
-1.015735114,-1.408608918,-0.163210011,,,,,,, 
-0.996710811,-1.408608918,0.038106212,,,,,,, 
-0.996710811,-1.288631288,0.248332349,,,,,,, 
-1.080041587,-1.288631288,0.164804312,,,,,,, 
-1.080041587,-1.437762867,-0.296136625,,,,,,, 
-1.004701474,-1.437762867,-1.185851752,,,,,,, 
-1.004701474,-1.273399683,-1.73500505,,,,,,, 
-0.946649056,-1.273399683,-2.824753082,,,,,,, 
-0.946649056,-1.462093596,-3.639580993,,,,,,, 
-0.82163611,-1.462093596,-3.452931874,,,,,,, 
-0.82163611,-1.367409051,-1.98707227,,,,,,, 
-0.984860971,-1.367409051,-1.566287778,,,,,,, 
-0.984860971,-1.449567203,-0.950360257,,,,,,, 
-0.904513542,-1.449567203,-0.977737193,,,,,,, 
-0.904513542,-1.242908947,0.145641901,,,,,,, 
-1.046404783,-1.242908947,-0.032371313,,,,,,, 
-1.046404783,-1.530017245,0.288143843,,,,,,, 
-0.999181498,-1.530017245,-0.016635019,,,,,,, 
-0.999181498,-1.235841372,0.396039336,,,,,,, 
-1.07901272,-1.235841372,-0.135499662,,,,,,, 
-1.07901272,-1.504720198,-0.861815438,,,,,,, 
-0.982369985,-1.504720198,-1.684719386,,,,,,, 
-0.982369985,-1.145902199,-2.082865045,,,,,,, 
-0.847796946,-1.145902199,-3.2485237,,,,,,, 
-0.847796946,-1.703342649,-4.300904099,,,,,,, 
-0.740819767,-1.703342649,-4.541560945,,,,,,, 
-0.740819767,-1.206128232,-3.286699219,,,,,,, 
-0.915397458,-1.206128232,-1.734148685,,,,,,, 
-0.915397458,-1.544980196,-1.422982622,,,,,,, 
-1.016701101,-1.544980196,-0.863098567,,,,,,, 
-1.016701101,-1.253322535,-0.212036334,,,,,,, 
-0.998012863,-1.253322535,-0.054966613,,,,,,, 
-0.998012863,-1.53978544,-0.215067233,,,,,,, 
-1.044425609,-1.53978544,0.110268777,,,,,,, 
-1.044425609,-1.431040676,-0.691560186,,,,,,, 
-1.03507302,-1.431040676,-0.930812376,,,,,,, 
-1.03507302,-1.787999103,-2.386198805,,,,,,, 
-0.961149508,-1.787999103,-2.82315011,,,,,,, 
-0.961149508,-1.513476928,-4.268969139,,,,,,, 
-0.811916756,-1.513476928,-3.619193775,,,,,,, 
-0.811916756,-1.459511847,-2.929896181,,,,,,, 
-1.060955431,-1.459511847,-1.305069169,,,,,,, 
-1.060955431,-1.300483358,-1.095520953,,,,,,, 
-1.079939651,-1.300483358,-0.148018836,,,,,,, 
-1.079939651,-1.48577348,-0.691731368,,,,,,, 
-1.151305463,-1.48577348,0.082752751,,,,,,, 
-1.151305463,-1.345536118,-0.052234467,,,,,,, 
-1.13175153,-1.345536118,0.198327471,,,,,,, 
-1.13175153,-1.469590249,-0.65147007,,,,,,, 
-1.165441245,-1.469590249,-1.104244001,,,,,,, 
-1.165441245,-1.318512119,-2.360281386,,,,,,, 
-0.964862513,-1.318512119,-2.6682802,,,,,,, 
-0.964862513,-1.315916582,-3.847376197,,,,,,, 
-0.92946924,-1.315916582,-3.564626515,,,,,,, 
-0.92946924,-1.355260061,-2.643701686,,,,,,, 
-1.03394991,-1.355260061,-1.192320434,,,,,,, 
-1.03394991,-1.223272608,-0.905007442,,,,,,, 
-1.463845004,-1.223272608,-0.746226097,,,,,,, 
-1.463845004,-1.360266773,-0.208207178,,,,,,, 
-1.053854548,-1.360266773,0.045190658,,,,,,, 
-1.053854548,-1.041129229,0.127012746,,,,,,, 
-1.201521414,-1.041129229,0.05377066,,,,,,, 
-1.201521414,-1.343305992,0.229407307,,,,,,, 
-1.149893555,-1.343305992,-0.134085734,,,,,,, 
-1.149893555,-1.092202552,-0.936181136,,,,,,, 
-1.136430052,-1.092202552,-1.502481418,,,,,,, 
-1.136430052,-1.455044541,-2.611080236,,,,,,, 
-0.953305293,-1.455044541,-3.072411647,,,,,,, 
-0.953305293,-1.156623103,-4.025860358,,,,,,, 
-1.009089578,-1.156623103,-2.928350058,,,,,,, 
-1.009089578,-1.443080671,-1.819705773,,,,,,, 
-1.059649275,-1.443080671,-1.028228016,,,,,,, 
-1.059649275,-1.077565537,-0.752369822,,,,,,, 
-1.208264094,-1.077565537,-0.090741181,,,,,,, 
-1.208264094,-1.29121644,-0.048746747,,,,,,, 
-1.093838043,-1.29121644,0.087357512,,,,,,, 
-1.093838043,-1.04388455,0.297733184,,,,,,, 
-0.919688556,-1.04388455,0.391840555,,,,,,, 
-0.919688556,-1.387229688,0.274939176,,,,,,, 
-0.897367483,-1.387229688,-0.006318743,,,,,,, 
-0.897367483,-1.132542249,-0.60952157,,,,,,, 
-0.890485194,-1.132542249,-1.110227058,,,,,,, 
-0.890485194,-1.56085096,-2.322935536,,,,,,, 
-0.801751034,-1.56085096,-2.922551345,,,,,,, 
-0.801751034,-1.285586374,-3.803309093,,,,,,, 
-0.752456806,-1.285586374,-3.328635042,,,,,,, 
-0.752456806,-1.564260518,-2.71856378,,,,,,, 
-0.951241103,-1.564260518,-1.311536558,,,,,,, 
-0.951241103,-1.127703556,-0.88857218,,,,,,, 
-1.002686031,-1.127703556,-0.75268807,,,,,,, 
-1.002686031,-1.463239063,-0.674469252,,,,,,, 
-1.00948384,-1.463239063,-0.062375248,,,,,,, 
-1.00948384,-1.173572742,0.001723406,,,,,,, 
-0.98726214,-1.173572742,0.105378308,,,,,,, 
-0.98726214,-1.560699806,-0.656967404,,,,,,, 
-0.98061455,-1.560699806,-1.035696137,,,,,,, 
-0.98061455,-1.141787207,-1.847217167,,,,,,, 
-0.868972698,-1.141787207,-2.659575429,,,,,,, 
-0.868972698,-1.701399243,-3.965146496,,,,,,, 
-0.817002017,-1.701399243,-3.416920754,,,,,,, 
-0.817002017,-1.218910651,-2.560395742,,,,,,, 
-0.931664805,-1.218910651,-1.271652945,,,,,,, 
-0.931664805,-1.440140721,-1.153040296,,,,,,, 
-0.969636555,-1.440140721,-0.857787743,,,,,,, 
-0.969636555,-1.198147883,-0.143929636,,,,,,, 
-0.934418784,-1.198147883,-0.6689415,,,,,,, 
-0.934418784,-1.508506673,0.061591217,,,,,,, 
-1.066857153,-1.508506673,-0.033455406,,,,,,, 
-1.066857153,-1.34051088,-0.037146646,,,,,,, 
-1.018074109,-1.34051088,-1.075411611,,,,,,, 
-1.018074109,-1.493795989,-1.590726769,,,,,,, 
-0.938133807,-1.493795989,-2.668781569,,,,,,, 
-0.938133807,-1.425530986,-3.323313206,,,,,,, 
-0.79014023,-1.425530986,-4.232294058,,,,,,, 
-0.79014023,-1.598624393,-4.638410839,,,,,,, 
-0.910618123,-1.598624393,-3.169363475,,,,,,, 
-0.910618123,-1.529062782,-1.746073476,,,,,,, 
-0.964060042,-1.529062782,-1.344485342,,,,,,, 
-0.964060042,-1.413767149,-0.772900881,,,,,,, 
-1.087545137,-1.413767149,-1.066611964,,,,,,, 
-1.087545137,-1.457229304,-0.154414567,,,,,,, 
-1.020303168,-1.457229304,-0.761744731,,,,,,, 
-1.020303168,-1.140770488,0.040331056,,,,,,, 
-1.134608204,-1.140770488,-0.709867687,,,,,,, 
-1.134608204,-1.415947277,-0.056840794,,,,,,, 
-0.996764774,-1.415947277,-1.253057997,,,,,,, 
-0.996764774,-1.229247466,-1.501635927,,,,,,, 
-1.026671361,-1.229247466,-2.755474577,,,,,,, 
-1.026671361,-1.544415097,-3.558540773,,,,,,, 
-0.779050764,-1.544415097,-4.290733007,,,,,,, 
-0.779050764,-1.111381071,-2.932930619,,,,,,, 
-1.004527886,-1.111381071,-1.767343053,,,,,,, 
-1.004527886,-1.468427543,-1.146980819,,,,,,, 
-1.045514617,-1.468427543,-1.104401936,,,,,,, 
-1.045514617,-1.165507111,-0.096651113,,,,,,, 
-1.052416704,-1.165507111,-0.617097357,,,,,,, 
-1.052416704,-1.525611585,-0.51544124,,,,,,, 
-1.003317245,-1.525611585,-0.762174228,,,,,,, 
-1.003317245,-1.163444118,-0.616197819,,,,,,, 
-0.988871325,-1.163444118,-1.500690505,,,,,,, 
-0.988871325,-1.541048781,-2.614382017,,,,,,, 
-0.92625811,-1.541048781,-3.248658218,,,,,,, 
-0.92625811,-1.313631318,-4.021524372,,,,,,, 
-0.833363753,-1.313631318,-3.413985521,,,,,,, 
-0.833363753,-1.554651173,-2.647214066,,,,,,, 
-0.984984743,-1.554651173,-1.469811975,,,,,,, 
-0.984984743,-1.144709269,-0.919858477,,,,,,, 
-0.928406933,-1.144709269,-0.781183923,,,,,,, 
-0.928406933,-1.456540248,-0.729833226,,,,,,, 
-1.079055136,-1.456540248,-0.147166335,,,,,,, 
-1.079055136,-1.24837546,-0.042051675,,,,,,, 
-0.98129154,-1.24837546,0.002241119,,,,,,, 
-0.98129154,-1.34551477,-0.129789847,,,,,,, 
-1.004830753,-1.34551477,-1.090840134,,,,,,, 
-1.004830753,-1.269103015,-1.687738033,,,,,,, 
-0.882135264,-1.269103015,-2.434267918,,,,,,, 
-0.882135264,-1.417940059,-3.278637006,,,,,,, 
-0.825675797,-1.417940059,-3.701067346,,,,,,, 
-0.825675797,-1.257850018,-3.374074266,,,,,,, 
-0.866918596,-1.257850018,-1.978099491,,,,,,, 
-0.866918596,-1.360164624,-1.277238353,,,,,,, 
-1.016846709,-1.360164624,-1.104630891,,,,,,, 
-1.016846709,-1.387515022,-0.71663478,,,,,,, 
-0.984717145,-1.387515022,-0.68053584,,,,,,, 
-0.984717145,-1.233015872,0.017121493,,,,,,, 
-0.994793319,-1.233015872,-0.68572795,,,,,,, 
-0.994793319,-1.533467024,-0.094368422,,,,,,, 
-0.916983432,-1.533467024,-1.119113314,,,,,,, 
-0.916983432,-1.324027641,-1.602755488,,,,,,, 
-0.927078128,-1.324027641,-2.711012522,,,,,,, 
-0.927078128,-1.657068723,-3.272975572,,,,,,, 
-0.762419232,-1.657068723,-3.595606472,,,,,,, 
-0.762419232,-1.299395413,-2.721101627,,,,,,, 
-1.029602605,-1.299395413,-1.621030751,,,,,,, 
-1.029602605,-1.564192157,-1.162500831,,,,,,, 
-0.93772933,-1.564192157,-0.830801097,,,,,,, 
-0.93772933,-1.300998071,-0.144065091,,,,,,, 
-1.087828999,-1.300998071,-0.046286854,,,,,,, 
-1.087828999,-1.615315383,-0.063604613,,,,,,, 
-1.036223447,-1.615315383,-0.094629456,,,,,,, 
-1.036223447,-1.396609245,-0.844406192,,,,,,, 
-1.036751613,-1.396609245,-1.322542313,,,,,,, 
-1.036751613,-1.758750131,-2.726324581,,,,,,, 
-0.843700903,-1.758750131,-3.117591985,,,,,,, 
-0.843700903,-1.456425122,-4.326676205,,,,,,, 
-0.715988344,-1.456425122,-4.500938581,,,,,,, 
-0.715988344,-1.754830581,-4.650042297,,,,,,, 
-0.858499742,-1.754830581,-2.536830056,,,,,,, 
-0.858499742,-1.319390894,-1.673041204,,,,,,, 
-1.101139558,-1.319390894,-0.87234414,,,,,,, 
-1.101139558,-1.632535326,-1.040804067,,,,,,, 
-1.100407167,-1.632535326,-0.678348595,,,,,,, 
-1.100407167,-1.363673094,-0.040953001,,,,,,, 
-1.183359304,-1.363673094,-0.023517579,,,,,,, 
-1.183359304,-1.697985298,-0.028832626,,,,,,, 
-1.139703829,-1.697985298,-0.791828072,,,,,,, 
-1.139703829,-1.450628132,-1.481586422,,,,,,, 
-1.067954179,-1.450628132,-2.368620609,,,,,,, 
-1.067954179,-2.422862768,-4.201440389,,,,,,, 
-0.987821843,-2.422862768,-4.140616742,,,,,,, 
-0.987821843,-1.446680644,-3.659930281,,,,,,, 
-1.08100721,-1.446680644,-1.925446615,,,,,,, 
-1.08100721,-1.629020659,-1.580775838,,,,,,, 
-1.16798362,-1.629020659,-0.972798039,,,,,,, 
-1.16798362,-1.406480293,-0.84793252,,,,,,, 
-1.140835376,-1.406480293,-0.160465482,,,,,,, 
-1.140835376,-1.565201773,-0.239590404,,,,,,, 
-1.140928875,-1.565201773,-0.124985409,,,,,,, 
-1.140928875,-1.503786719,-1.074093496,,,,,,, 
-1.074892606,-1.503786719,-1.576015555,,,,,,, 
-1.074892606,-1.59018125,-2.787168329,,,,,,, 
-0.977309823,-1.59018125,-3.393531817,,,,,,, 
-0.977309823,-1.688061021,-4.513602308,,,,,,, 
-0.747985686,-1.688061021,-3.487543847,,,,,,, 
-0.747985686,-1.3020584,-2.450577332,,,,,,, 
-1.035662195,-1.3020584,-1.544208788,,,,,,, 
-1.035662195,-1.36867123,-1.257781779,,,,,,, 
-0.968648143,-1.36867123,-0.839152679,,,,,,, 
-0.968648143,-1.267990903,-0.762439865,,,,,,, 
-1.122024255,-1.267990903,-0.618266084,,,,,,, 
-1.122024255,-1.469566999,-0.635993657,,,,,,, 
-1.011935348,-1.469566999,-0.204591475,,,,,,, 
-1.011935348,-1.278469827,-0.858820435,,,,,,, 
-1.078722617,-1.278469827,-1.4764239,,,,,,, 
-1.078722617,-1.645612369,-2.754158699,,,,,,, 
-0.855537039,-1.645612369,-3.26143095,,,,,,, 
-0.855537039,-1.467884166,-4.396144487,,,,,,, 
-0.775389165,-1.467884166,-4.385011504,,,,,,, 
-0.775389165,-1.835207414,-3.681077544,,,,,,, 
-0.894377253,-1.835207414,-1.775273805,,,,,,, 
-0.894377253,-1.288973779,-1.489030123,,,,,,, 
-1.048902949,-1.288973779,-0.783867357,,,,,,, 
-1.048902949,-1.55193402,-1.01315314,,,,,,, 
-1.001587047,-1.55193402,-0.644187571,,,,,,, 
-1.001587047,-1.274238309,-0.210171062,,,,,,, 
-1.046945473,-1.274238309,-0.053207136,,,,,,, 
-1.046945473,-1.612824601,-0.232143394,,,,,,, 
-1.107557758,-1.612824601,-0.085678714,,,,,,, 
-1.107557758,-1.385460222,-1.018465672,,,,,,, 
-0.973982778,-1.385460222,-1.284081864,,,,,,, 
-0.973982778,-1.710932024,-2.704185705,,,,,,, 
-0.902879541,-1.710932024,-3.114070179,,,,,,, 
-0.902879541,-1.640111544,-4.49596618,,,,,,, 
-0.749603397,-1.640111544,-4.360695073,,,,,,, 
-0.749603397,-1.831213578,-3.655438494,,,,,,, 
-0.978315253,-1.831213578,-1.678654381,,,,,,, 
-0.978315253,-1.492546845,-1.358287174,,,,,,, 
-1.030934942,-1.492546845,-0.716468419,,,,,,, 
-1.030934942,-1.616852725,-0.99682376,,,,,,, 
-1.071990566,-1.616852725,-0.174510121,,,,,,, 
-1.071990566,-1.521835472,-0.644882716,,,,,,, 
-1.035155668,-1.521835472,0.027453711,,,,,,, 
-1.035155668,-1.622595824,-0.577827413,,,,,,, 
-1.120423815,-1.622595824,-0.134572037,,,,,,, 
-1.120423815,-1.436096519,-1.444460732,,,,,,, 
-0.984976123,-1.436096519,-1.605300833,,,,,,, 
-0.984976123,-1.398461598,-3.033132137,,,,,,, 
-0.896153064,-1.398461598,-3.423064614,,,,,,, 
-0.896153064,-1.522907073,-4.323566326,,,,,,, 
-0.767540056,-1.522907073,-2.462394165,,,,,,, 
-0.767540056,-1.335386836,-1.887361041,,,,,,, 
-0.982371175,-1.335386836,-1.077352939,,,,,,, 
-0.982371175,-1.49715701,-1.252197532,,,,,,, 
-0.838164086,-1.49715701,-0.180249261,,,,,,, 
-0.838164086,-1.214904891,-0.613294597,,,,,,, 
-1.007545531,-1.214904891,-0.008838974,,,,,,, 
-1.007545531,-1.626005716,-0.483499167,,,,,,, 
-0.824416332,-1.626005716,-0.204799475,,,,,,, 
-0.824416332,-1.376834072,-1.0899411,,,,,,, 
-0.951791082,-1.376834072,-1.310067204,,,,,,, 
-0.951791082,-1.625830333,-2.930173662,,,,,,, 
-0.631866027,-1.625830333,-2.905751084,,,,,,, 
-0.631866027,-1.297012202,-3.488340166,,,,,,, 
-0.833580386,-1.297012202,-1.813282082,,,,,,, 
-0.833580386,-1.566141137,-1.915850281,,,,,,, 
-0.920964286,-1.566141137,-0.781829761,,,,,,, 
-0.920964286,-1.342198565,-0.865814579,,,,,,, 
-0.973926696,-1.342198565,-0.006116861,,,,,,, 
-0.973926696,-1.712109705,-0.770769147,,,,,,, 
-1.021568378,-1.712109705,0.075584242,,,,,,, 
-1.021568378,-1.285893579,-0.150321149,,,,,,, 
-1.091844578,-1.285893579,0.226135624,,,,,,, 
-1.091844578,-1.580526659,-0.782710066,,,,,,, 
-1.232628112,-1.580526659,-0.582679299,,,,,,, 
-1.232628112,-1.361506563,-1.612038026,,,,,,, 
-1.051391706,-1.361506563,-1.683482812,,,,,,, 
-1.051391706,-1.623122665,-3.241941296,,,,,,, 
-0.86424767,-1.623122665,-3.107675047,,,,,,, 
-0.86424767,-1.276375967,-3.126634763,,,,,,, 
-0.788117762,-1.276375967,-1.512662136,,,,,,, 
-0.788117762,-1.456341341,-1.42943606,,,,,,, 
-1.038520879,-1.456341341,-0.874293272,,,,,,, 
-1.038520879,-1.293055454,-0.859896135,,,,,,, 
-0.853686981,-1.293055454,-0.461529822,,,,,,, 
-0.853686981,-1.379960494,-0.466919235,,,,,,, 
-0.96517485,-1.379960494,0.001688339,,,,,,, 
-0.96517485,-1.442313882,-0.107975133,,,,,,, 
-0.915853189,-1.442313882,0.081257922,,,,,,, 
-0.915853189,-1.244770955,-0.703536888,,,,,,, 
-1.006971605,-1.244770955,-0.897043889,,,,,,, 
-1.006971605,-1.457551827,-1.929072481,,,,,,, 
-0.757946185,-1.457551827,-2.314367973,,,,,,, 
-0.757946185,-1.209446593,-3.199386808,,,,,,, 
-0.741317202,-1.209446593,-3.742309582,,,,,,, 
-0.741317202,-1.60905425,-4.976675807,,,,,,, 
-0.562288837,-1.60905425,-3.372954695,,,,,,, 
-0.562288837,-1.16284801,-2.473768732,,,,,,, 
-0.938447198,-1.16284801,-1.250251277,,,,,,, 
-0.938447198,-1.484834051,-1.318958736,,,,,,, 
-0.867684529,-1.484834051,-0.615599533,,,,,,, 
-0.867684529,-1.12861356,-0.508675701,,,,,,, 
-0.967528126,-1.12861356,0.004466021,,,,,,, 
-0.967528126,-1.546164509,-0.657325812,,,,,,, 
-0.917167998,-1.546164509,-0.735250434,,,,,,, 
-0.917167998,-1.116904907,-1.885425203,,,,,,, 
-0.747513476,-1.116904907,-2.843858946,,,,,,, 
-0.747513476,-1.761385901,-4.753378186,,,,,,, 
-0.414822188,-1.761385901,-5.224349306,,,,,,, 
-0.414822188,-1.46264265,-6.557691553,,,,,,, 
-0.399270687,-1.46264265,-4.636038143,,,,,,, 
-0.399270687,-1.672112453,-3.347761534,,,,,,, 
-0.825199246,-1.672112453,-1.849370921,,,,,,, 
-0.825199246,-1.03924811,-1.297135226,,,,,,, 
-0.817865031,-1.03924811,-0.809370711,,,,,,, 
-0.817865031,-1.485636434,-0.931197813,,,,,,, 
-0.875247132,-1.485636434,-0.478502929,,,,,,, 
-0.875247132,-1.081339371,-0.942098224,,,,,,, 
-0.715784188,-1.081339371,-1.629627176,,,,,,, 
-0.715784188,-1.48701514,-3.171581354,,,,,,, 
-0.520309381,-1.48701514,-3.738074301,,,,,,, 
-0.520309381,-1.257249327,-5.272889791,,,,,,, 
-0.301732899,-1.257249327,-5.737712437,,,,,,, 
-0.301732899,-1.633900617,-6.422112997,,,,,,, 
-0.44931036,-1.633900617,-3.719236151,,,,,,, 
-0.44931036,-1.160854207,-2.645012187,,,,,,, 
-0.645800276,-1.160854207,-1.614850798,,,,,,, 
-0.645800276,-1.231206541,-1.260814172,,,,,,, 
-0.823616224,-1.231206541,-0.972405132,,,,,,, 
-0.823616224,-1.167490264,-0.782272492,,,,,,, 
-0.839132762,-1.167490264,-0.64173806,,,,,,, 
-0.839132762,-1.178381169,-0.513608855,,,,,,, 
-0.922115486,-1.178381169,-1.149933258,,,,,,, 
-0.922115486,-1.255828914,-1.840015893,,,,,,, 
-0.664918494,-1.255828914,-2.73848923,,,,,,, 
-0.664918494,-1.275540991,-3.838022747,,,,,,, 
-0.632020543,-1.275540991,-4.707461173,,,,,,, 
-0.632020543,-1.633676153,-5.920248018,,,,,,, 
-0.47125233,-1.633676153,-4.554929187,,,,,,, 
-0.47125233,-1.204051348,-2.935556923,,,,,,, 
-0.884940046,-1.204051348,-1.936216048,,,,,,, 
-0.884940046,-1.288437029,-1.410480259,,,,,,, 
-0.853069125,-1.288437029,-1.127237457,,,,,,, 
-0.853069125,-1.016701169,-0.710135773,,,,,,, 
-1.001418592,-1.016701169,-0.622158834,,,,,,, 
-1.001418592,-1.369033158,-0.626365571,,,,,,, 
-0.835580281,-1.369033158,-0.994088856,,,,,,, 
-0.835580281,-1.104241535,-1.692229607,,,,,,, 
-0.83971552,-1.104241535,-2.627224426,,,,,,, 
-0.83971552,-1.688656103,-4.203126806,,,,,,, 
-0.653370158,-1.688656103,-4.295231146,,,,,,, 
-0.653370158,-1.203378988,-3.543011485,,,,,,, 
-0.902574484,-1.203378988,-1.913041039,,,,,,, 
-0.902574484,-1.50216353,-1.761994926,,,,,,, 
-1.003784167,-1.50216353,-1.087644438,,,,,,, 
-1.003784167,-1.333928266,-0.803600149,,,,,,, 
-1.003138374,-1.333928266,-0.465073572,,,,,,, 
-1.003138374,-1.615224395,-0.665428823,,,,,,, 
-1.045986719,-1.615224395,-0.181004282,,,,,,, 
-1.045986719,-1.166577825,-0.116160146,,,,,,, 
-1.145010886,-1.166577825,-0.245716923,,,,,,, 
-1.145010886,-1.555482646,-1.245031336,,,,,,, 
-0.980324576,-1.555482646,-1.489689185,,,,,,, 
-0.980324576,-1.223963146,-2.558364971,,,,,,, 
-0.809049952,-1.223963146,-2.747776098,,,,,,, 
-0.809049952,-1.565839242,-3.328309269,,,,,,, 
-0.884813291,-1.565839242,-1.666746338,,,,,,, 
-0.884813291,-1.25499384,-1.181016269,,,,,,, 
-0.883431348,-1.25499384,-0.64622543,,,,,,, 
-0.883431348,-1.519750068,-0.897689647,,,,,,, 
-0.940428594,-1.519750068,-0.008074464,,,,,,, 
-0.940428594,-1.141282588,-0.046245186,,,,,,, 
-0.937289016,-1.141282588,0.222823593,,,,,,, 
-0.937289016,-1.506795888,-0.00257645,,,,,,, 
-0.932304162,-1.506795888,0.224536436,,,,,,, 
-0.932304162,-1.259668309,-0.621094115,,,,,,, 
-0.874770777,-1.259668309,-0.694217341,,,,,,, 
-0.874770777,-1.246285226,-1.837000719,,,,,,, 
-0.94484023,-1.246285226,-1.924260429,,,,,,, 
-0.94484023,-1.163659327,-2.514643976,,,,,,, 
-0.831977529,-1.163659327,-1.230397485,,,,,,, 
-0.831977529,-1.268764768,-1.1405072,,,,,,, 
-0.969250084,-1.268764768,-0.63449341,,,,,,, 
-0.969250084,-1.349776613,-0.638904386,,,,,,, 
-0.93713306,-1.349776613,0.105048473,,,,,,, 
-0.93713306,-1.137328442,-0.021220721,,,,,,, 
-0.989892617,-1.137328442,0.151575855,,,,,,, 
-0.989892617,-1.385588312,-0.004118202,,,,,,, 
-0.921430445,-1.385588312,0.002431206,,,,,,, 
-0.921430445,-1.042284336,-0.905949599,,,,,,, 
-1.015095363,-1.042284336,-1.369124549,,,,,,, 
-1.015095363,-1.426542886,-2.603404326,,,,,,, 
-0.72959682,-1.426542886,-2.623761335,,,,,,, 
-0.72959682,-1.18081617,-3.008954514,,,,,,, 
-0.935365206,-1.18081617,-1.637453871,,,,,,, 
-0.935365206,-1.449475936,-1.497222256,,,,,,, 
-0.864132934,-1.449475936,-0.581505488,,,,,,, 
-0.864132934,-1.309462566,-0.710193262,,,,,,, 
-1.064368766,-1.309462566,0.099266154,,,,,,, 
-1.064368766,-1.535727765,-0.181217197,,,,,,, 
-0.959161186,-1.535727765,0.218711204,,,,,,, 
-0.959161186,-1.270800212,0.07473267,,,,,,, 
-1.056987939,-1.270800212,0.600020302,,,,,,, 
-1.056987939,-1.584490302,-0.004769288,,,,,,, 
-1.016870046,-1.584490302,0.280607306,,,,,,, 
-1.016870046,-1.243213192,-0.646305735,,,,,,, 
-1.045211575,-1.243213192,-0.560955323,,,,,,, 
-1.045211575,-1.555350229,-2.054977154,,,,,,, 
-0.922118146,-1.555350229,-1.987035886,,,,,,, 
-0.922118146,-1.310528375,-3.121246172,,,,,,, 
-0.831421044,-1.310528375,-2.85988083,,,,,,, 
-0.831421044,-1.722086132,-2.85792284,,,,,,, 
-0.920433827,-1.722086132,-1.223095902,,,,,,, 
-0.920433827,-1.200630482,-1.255027846,,,,,,, 
-1.006734724,-1.200630482,-0.607262581,,,,,,, 
-1.006734724,-1.431413546,-0.893750582,,,,,,, 
-1.003895582,-1.431413546,-0.030310145,,,,,,, 
-1.003895582,-1.130279158,-0.1406963,,,,,,, 
-0.883432135,-1.130279158,0.130646791,,,,,,, 
-0.883432135,-1.563669172,-0.204544417,,,,,,, 
-0.946012689,-1.563669172,0.013787107,,,,,,, 
-0.946012689,-1.107567324,-0.971501044,,,,,,, 
-0.862771446,-1.107567324,-1.150307368,,,,,,, 
-0.862771446,-1.53505122,-2.344309617,,,,,,, 
-0.790464194,-1.53505122,-2.521329522,,,,,,, 
-0.790464194,-1.115882068,-3.671080575,,,,,,, 
-0.644718633,-1.115882068,-2.482192296,,,,,,, 
-0.644718633,-1.415333092,-1.928497922,,,,,,, 
-0.88154962,-1.415333092,-0.936407171,,,,,,, 
-0.88154962,-1.123145674,-1.085307414,,,,,,, 
-0.855473669,-1.123145674,-0.088401206,,,,,,, 
-0.855473669,-1.250838976,-0.180909231,,,,,,, 
-0.881171497,-1.250838976,0.100360637,,,,,,, 
-0.881171497,-1.335338329,-0.481321417,,,,,,, 
-0.835207487,-1.335338329,0.182724366,,,,,,, 
-0.835207487,-1.117511883,0.057346289,,,,,,, 
-0.991047419,-1.117511883,0.021985603,,,,,,, 
-0.991047419,-1.243434332,-0.961803387,,,,,,, 
-0.823986534,-1.243434332,-1.015314813,,,,,,, 
-0.823986534,-1.119500418,-1.891756795,,,,,,, 
-0.903447746,-1.119500418,-2.287766972,,,,,,, 
-0.903447746,-1.439495601,-3.166421624,,,,,,, 
-0.630947739,-1.439495601,-3.10165911,,,,,,, 
-0.630947739,-1.064942472,-2.605412497,,,,,,, 
-0.983875367,-1.064942472,-1.387152294,,,,,,, 
-0.983875367,-1.359157194,-1.10947751,,,,,,, 
-0.866654456,-1.359157194,-0.422944305,,,,,,, 
-0.866654456,-1.156694641,-0.025690936,,,,,,, 
-1.059691475,-1.156694641,0.175996625,,,,,,, 
-1.059691475,-1.578736618,-0.077775013,,,,,,, 
-0.921505277,-1.578736618,0.267219519,,,,,,, 
-0.921505277,-1.37475951,-0.61489792,,,,,,, 
-1.007766633,-1.37475951,-0.726245397,,,,,,, 
-1.007766633,-1.827073319,-2.267379843,,,,,,, 
-0.859791655,-1.827073319,-2.60786589,,,,,,, 
-0.859791655,-1.508316254,-4.090556745,,,,,,, 
-0.773593664,-1.508316254,-3.459789035,,,,,,, 
-0.773593664,-1.740609258,-3.171463768,,,,,,, 
-0.932971618,-1.740609258,-1.438609995,,,,,,, 
-0.932971618,-1.435922031,-1.325756135,,,,,,, 
-1.027164478,-1.435922031,-0.292394323,,,,,,, 
-1.027164478,-1.841476042,-0.966607482,,,,,,, 
-1.002849501,-1.841476042,-0.031365223,,,,,,, 
-1.002849501,-1.372541406,-0.599075559,,,,,,, 
-1.075783615,-1.372541406,0.218376383,,,,,,, 
-1.075783615,-1.756252515,-0.709835557,,,,,,, 
-1.076185376,-1.756252515,-0.203472785,,,,,,, 
-1.076185376,-1.418680305,-1.271487688,,,,,,, 
-1.040690578,-1.418680305,-1.277168635,,,,,,, 
-1.040690578,-1.860750712,-2.807492614,,,,,,, 
-0.917868927,-1.860750712,-2.788387384,,,,,,, 
-0.917868927,-1.483806715,-3.681076982,,,,,,, 
-0.883499148,-1.483806715,-2.283219395,,,,,,, 
-0.883499148,-1.748263765,-1.967316505,,,,,,, 
-0.946189594,-1.748263765,-1.033390086,,,,,,, 
-0.946189594,-1.394461996,-1.089105451,,,,,,, 
-1.008251702,-1.394461996,-0.090914895,,,,,,, 
-1.008251702,-1.62885164,-0.634423522,,,,,,, 
-1.084101791,-1.62885164,0.191235026,,,,,,, 
-1.084101791,-1.45223267,-0.130556949,,,,,,, 
-1.08207073,-1.45223267,0.035394346,,,,,,, 
-1.08207073,-1.449238694,-1.078693864,,,,,,, 
-1.059838933,-1.449238694,-1.333024311,,,,,,, 
-1.059838933,-1.678987193,-2.74058318,,,,,,, 
-0.849066703,-1.678987193,-2.795073252,,,,,,, 
-0.849066703,-1.703143189,-4.174090609,,,,,,, 
-0.861950061,-1.703143189,-3.129765285,,,,,,, 
-0.861950061,-2.360502578,-2.848472942,,,,,,, 
-0.938433198,-2.360502578,-1.360868872,,,,,,, 
-0.938433198,-1.373470362,-1.145615752,,,,,,, 
-1.090975096,-1.373470362,-0.153704136,,,,,,, 
-1.090975096,-1.727206695,-0.730587202,,,,,,, 
-1.024652047,-1.727206695,0.031131962,,,,,,, 
-1.024652047,-1.401735646,-0.590380728,,,,,,, 
-1.007888024,-1.401735646,-0.239266129,,,,,,, 
-1.007888024,-1.770870897,-1.820020277,,,,,,, 
-0.90289298,-1.770870897,-1.832858119,,,,,,, 
-0.90289298,-1.375931581,-3.137348783,,,,,,, 
-0.857676331,-1.375931581,-3.040801595,,,,,,, 
-0.857676331,-1.783229541,-4.167997253,,,,,,, 
-0.870335422,-1.783229541,-1.876582668,,,,,,, 
-0.870335422,-1.372619999,-1.694318062,,,,,,, 
-0.961834027,-1.372619999,-0.825187736,,,,,,, 
-0.961834027,-1.741411312,-1.175306955,,,,,,, 
-1.047179561,-1.741411312,-0.474917186,,,,,,, 
-1.047179561,-1.414548935,-0.647277841,,,,,,, 
-1.066698773,-1.414548935,0.181446862,,,,,,, 
-1.066698773,-1.549914494,-0.241076928,,,,,,, 
-1.072120061,-1.549914494,0.233171279,,,,,,, 
-1.072120061,-1.410002638,-0.730298996,,,,,,, 
-1.087460924,-1.410002638,-0.68945623,,,,,,, 
-1.087460924,-1.786432784,-2.353294877,,,,,,, 
-0.982905778,-1.786432784,-2.004327536,,,,,,, 
-0.982905778,-1.4389545,-3.434661776,,,,,,, 
-0.841671109,-1.4389545,-2.934233773,,,,,,, 
-0.841671109,-1.813874076,-2.894235302,,,,,,, 
-0.908183973,-1.813874076,-1.379769399,,,,,,, 
-0.908183973,-1.239713532,-1.258980885,,,,,,, 
-0.993910328,-1.239713532,-0.291463658,,,,,,, 
-0.993910328,-1.473616905,-1.101016957,,,,,,, 
-1.035619201,-1.473616905,-0.070799941,,,,,,, 
-1.035619201,-1.250662514,-0.571045107,,,,,,, 
-0.882544995,-1.250662514,0.266845526,,,,,,, 
-0.882544995,-1.46989471,-0.218751984,,,,,,, 
-0.966087812,-1.46989471,0.237085486,,,,,,, 
-0.966087812,-1.276678609,-0.698792893,,,,,,, 
-0.843081672,-1.276678609,-0.813102491,,,,,,, 
-0.843081672,-1.406422321,-2.213676689,,,,,,, 
-0.845201569,-1.406422321,-2.488469584,,,,,,, 
-0.845201569,-1.425866731,-4.051474434,,,,,,, 
-0.60768599,-1.425866731,-3.509578844,,,,,,, 
-0.60768599,-1.270572554,-3.078644359,,,,,,, 
-0.823935647,-1.270572554,-1.567120466,,,,,,, 
-0.823935647,-1.186694929,-1.534204417,,,,,,, 
-0.760868145,-1.186694929,-0.584541348,,,,,,, 
-0.760868145,-1.123800025,-0.283844602,,,,,,, 
-0.974263669,-1.123800025,0.118077014,,,,,,, 
-0.974263669,-1.379421669,-0.5483917,,,,,,, 
-0.797893014,-1.379421669,0.228156932,,,,,,, 
-0.797893014,-1.059928445,-0.270499672,,,,,,, 
-0.814801522,-1.059928445,-0.21055335,,,,,,, 
-0.814801522,-1.333257961,-1.255904804,,,,,,, 
-0.616840564,-1.333257961,-1.352175393,,,,,,, 
-0.616840564,-1.088807101,-2.430662039,,,,,,, 
-0.691522418,-1.088807101,-2.75343447,,,,,,, 
-0.691522418,-1.352035174,-2.873326494,,,,,,, 
-0.616746712,-1.352035174,-1.380993215,,,,,,, 
-0.616746712,-1.030643533,-1.222652879,,,,,,, 
-0.929901647,-1.030643533,-0.113549356,,,,,,, 
-0.929901647,-1.381337813,-0.601483229,,,,,,, 
-0.750344808,-1.381337813,0.246280916,,,,,,, 
-0.750344808,-1.104628892,-0.016703554,,,,,,, 
-0.942115947,-1.104628892,0.402554108,,,,,,, 
-0.942115947,-1.55802902,-0.601827336,,,,,,, 
-0.752465337,-1.55802902,-0.616210141,,,,,,, 
-0.752465337,-1.310466597,-1.468991897,,,,,,, 
-0.776237998,-1.310466597,-1.751730553,,,,,,, 
-0.776237998,-1.537234835,-3.341980595,,,,,,, 
-0.521180691,-1.537234835,-3.403118641,,,,,,, 
-0.521180691,-1.207373241,-3.18867616,,,,,,, 
-0.690516896,-1.207373241,-1.771698567,,,,,,, 
-0.690516896,-1.627115695,-1.75337035,,,,,,, 
-0.646940879,-1.627115695,-0.738726761,,,,,,, 
-0.646940879,-1.256114536,-0.728664947,,,,,,, 
-0.877291063,-1.256114536,0.156787836,,,,,,, 
-0.877291063,-1.622722354,-0.506460296,,,,,,, 
-0.726253439,-1.622722354,0.325819039,,,,,,, 
-0.726253439,-1.414981903,-0.050122656,,,,,,, 
-0.871660137,-1.414981903,0.502631698,,,,,,, 
-0.871660137,-1.776510303,-0.712266976,,,,,,, 
-0.780630622,-1.776510303,-0.277138594,,,,,,, 
-0.780630622,-1.525630069,-1.619478243,,,,,,, 
-0.866385125,-1.525630069,-1.721384796,,,,,,, 
-0.866385125,-1.805558479,-3.649838371,,,,,,, 
-0.58157495,-1.805558479,-3.767180508,,,,,,, 
-0.58157495,-1.761436212,-5.272469412,,,,,,, 
-0.548126018,-1.761436212,-3.795688783,,,,,,, 
-0.548126018,-2.510908407,-4.103329198,,,,,,, 
-0.866868931,-2.510908407,-2.369002837,,,,,,, 
-0.866868931,-1.79809486,-2.96113958,,,,,,, 
-0.802666315,-1.79809486,-1.943338564,,,,,,, 
-0.802666315,-1.921436427,-2.935932597,,,,,,, 
-0.773887819,-1.921436427,-2.367139737,,,,,,, 
-0.773887819,-1.648262598,-2.485596218,,,,,,, 
-0.945216743,-1.648262598,-1.040554454,,,,,,, 
-0.945216743,-1.772877697,-1.209696007,,,,,,, 
-0.955264913,-1.772877697,-0.502904901,,,,,,, 
-0.955264913,-1.564022299,-0.231048449,,,,,,, 
-1.085912316,-1.564022299,0.171707434,,,,,,, 
-1.085912316,-1.591835878,-0.042727027,,,,,,, 
-1.007527835,-1.591835878,-0.661613281,,,,,,, 
-1.007527835,-1.509456357,-1.745099222,,,,,,, 
-0.95304314,-1.509456357,-2.590072349,,,,,,, 
-0.95304314,-1.831285166,-4.412662455,,,,,,, 
-0.619926949,-1.831285166,-4.830378627,,,,,,, 
-0.619926949,-1.909351895,-6.596158747,,,,,,, 
-0.685632599,-1.909351895,-4.915047668,,,,,,, 
-0.685632599,-1.54402332,-4.014354508,,,,,,, 
-0.869379692,-1.54402332,-1.567084596,,,,,,, 
-0.869379692,-1.424346409,-1.555514759,,,,,,, 
-1.022298571,-1.424346409,-0.863852826,,,,,,, 
-1.022298571,-1.52380986,-1.122642921,,,,,,, 
-0.850631094,-1.52380986,-0.125806101,,,,,,, 
-0.850631094,-1.300582451,-0.662342072,,,,,,, 
-1.010335851,-1.300582451,-0.051811013,,,,,,, 
-1.010335851,-1.551770319,-1.353282176,,,,,,, 
-0.823913936,-1.551770319,-1.557692074,,,,,,, 
-0.823913936,-1.326346038,-3.101176883,,,,,,, 
-0.729261652,-1.326346038,-3.55407358,,,,,,, 
-0.729261652,-1.771125112,-5.934949952,,,,,,, 
-0.474072187,-1.771125112,-5.05390741,,,,,,, 
-0.474072187,-1.218966353,-4.402151877,,,,,,, 
-0.878706895,-1.218966353,-2.18347832,,,,,,, 
-0.878706895,-1.619020858,-2.506756495,,,,,,, 
-0.863373638,-1.619020858,-1.045004468,,,,,,, 
-0.863373638,-1.1597044,-0.999038718,,,,,,, 
-0.884760086,-1.1597044,-0.61858593,,,,,,, 
-0.884760086,-1.43715971,-0.915639135,,,,,,, 
-0.895673956,-1.43715971,0.034259034,,,,,,, 
-0.895673956,-1.276718244,-0.182805532,,,,,,, 
-0.905226575,-1.276718244,-0.22067844,,,,,,, 
-0.905226575,-1.349593717,-1.459547276,,,,,,, 
-0.828892102,-1.349593717,-2.212869827,,,,,,, 
-0.828892102,-1.296347644,-3.594061875,,,,,,, 
-0.561139305,-1.296347644,-4.045185125,,,,,,, 
-0.561139305,-1.363015129,-5.278094778,,,,,,, 
-0.629141074,-1.363015129,-3.500596787,,,,,,, 
-0.629141074,-1.227454167,-2.718479799,,,,,,, 
-0.737729607,-1.227454167,-1.231713231,,,,,,, 
-0.737729607,-0.957301568,-1.119767858,,,,,,, 
-0.892647803,-0.957301568,-0.68767259,,,,,,, 
-0.892647803,-1.149779307,-0.842125978,,,,,,, 
-0.806508295,-1.149779307,-0.055566308,,,,,,, 
-0.806508295,-0.842974504,-0.154195874,,,,,,, 
-0.866640205,-0.842974504,0.191722546,,,,,,, 
-0.866640205,-1.197338519,-0.019544266,,,,,,, 
-0.779306116,-1.197338519,-0.047152444,,,,,,, 
-0.779306116,-0.992962174,-0.935422014,,,,,,, 
-0.705783453,-0.992962174,-1.24498322,,,,,,, 
-0.705783453,-1.513496093,-2.978098577,,,,,,, 
-0.509504441,-1.513496093,-3.169699494,,,,,,, 
-0.509504441,-1.169713482,-4.142422176,,,,,,, 
-0.55737654,-1.169713482,-1.998643308,,,,,,, 
-0.55737654,-1.514037131,-1.749886824,,,,,,, 
-0.69270313,-1.514037131,-0.897370368,,,,,,, 
-0.69270313,-0.97857226,-0.814854573,,,,,,, 
-0.69038918,-0.97857226,-0.020745113,,,,,,, 
-0.69038918,-1.394242385,-0.556954262,,,,,,, 
-0.713875827,-1.394242385,0.149011164,,,,,,, 
-0.713875827,-1.099983748,0.053692124,,,,,,, 
-0.727483812,-1.099983748,0.269967802,,,,,,, 
-0.727483812,-1.507242939,-0.07068722,,,,,,, 
-0.768439066,-1.507242939,0.276218077,,,,,,, 
-0.768439066,-1.069418497,-0.228595177,,,,,,, 
-0.742160583,-1.069418497,-0.680119125,,,,,,, 
-0.742160583,-1.519867781,-1.935702746,,,,,,, 
-0.726090211,-1.519867781,-1.718983106,,,,,,, 
-0.726090211,-0.987336858,-2.98278959,,,,,,, 
-0.61128739,-0.987336858,-2.326719765,,,,,,, 
-0.61128739,-1.547338478,-2.32921124,,,,,,, 
-0.785282338,-1.547338478,-0.766530639,,,,,,, 
-0.785282338,-1.158780883,-0.937902349,,,,,,, 
-0.757692404,-1.158780883,-0.012684702,,,,,,, 
-0.757692404,-1.286894836,-0.154050608,,,,,,, 
-0.799069771,-1.286894836,0.161820538,,,,,,, 
-0.799069771,-1.240077146,-0.038535843,,,,,,, 
-0.777584954,-1.240077146,0.184452903,,,,,,, 
-0.777584954,-0.989678855,0.167840544,,,,,,, 
-0.869907127,-0.989678855,0.215668325,,,,,,, 
-0.869907127,-1.283111424,0.056339886,,,,,,, 
-0.828995106,-1.283111424,-0.092527725,,,,,,, 
-0.828995106,-1.161552415,-0.710922709,,,,,,, 
-0.885220095,-1.161552415,-1.264576133,,,,,,, 
